,OptStrike,OptPutCall,OptBid,OptAsk,OptExpDate,OptName,Unnamed: 6,Unnamed: 7,Unnamed: 8,Spot,139.78
0,45.0,Call,94.55,95.05,2017-03-17,AAPL US 03/17/17 C45 Equity,,,,Date,2017-03-03
1,47.5,Call,92.05,92.55,2017-03-17,AAPL US 03/17/17 C47.5 Equity,,,,,
2,50.0,Call,89.55,90.05,2017-03-17,AAPL US 03/17/17 C50 Equity,,,,,
3,55.0,Call,84.55,85.05,2017-03-17,AAPL US 03/17/17 C55 Equity,,,,,
4,60.0,Call,79.55,80.05,2017-03-17,AAPL US 03/17/17 C60 Equity,,,,,
5,65.0,Call,74.55,75.05,2017-03-17,AAPL US 03/17/17 C65 Equity,,,,,
6,70.0,Call,69.55,70.05,2017-03-17,AAPL US 03/17/17 C70 Equity,,,,,
7,75.0,Call,64.55,65.05,2017-03-17,AAPL US 03/17/17 C75 Equity,,,,,
8,80.0,Call,59.55,60.05,2017-03-17,AAPL US 03/17/17 C80 Equity,,,,,
9,82.5,Call,57.05,57.55,2017-03-17,AAPL US 03/17/17 C82.5 Equity,,,,,
10,85.0,Call,54.55,55.05,2017-03-17,AAPL US 03/17/17 C85 Equity,,,,,
11,87.5,Call,52.05,52.55,2017-03-17,AAPL US 03/17/17 C87.5 Equity,,,,,
12,90.0,Call,49.55,50.05,2017-03-17,AAPL US 03/17/17 C90 Equity,,,,,
13,92.5,Call,47.05,47.55,2017-03-17,AAPL US 03/17/17 C92.5 Equity,,,,,
14,93.0,Call,46.55,47.05,2017-03-17,AAPL US 03/17/17 C93 Equity,,,,,
15,94.0,Call,45.55,46.05,2017-03-17,AAPL US 03/17/17 C94 Equity,,,,,
16,95.0,Call,44.55,45.05,2017-03-17,AAPL US 03/17/17 C95 Equity,,,,,
17,96.0,Call,43.55,44.05,2017-03-17,AAPL US 03/17/17 C96 Equity,,,,,
18,97.0,Call,42.55,43.05,2017-03-17,AAPL US 03/17/17 C97 Equity,,,,,
19,97.5,Call,42.05,42.55,2017-03-17,AAPL US 03/17/17 C97.5 Equity,,,,,
20,98.0,Call,41.55,42.05,2017-03-17,AAPL US 03/17/17 C98 Equity,,,,,
21,98.5,Call,41.05,41.55,2017-03-17,AAPL US 03/17/17 C98.5 Equity,,,,,
22,99.0,Call,40.55,41.05,2017-03-17,AAPL US 03/17/17 C99 Equity,,,,,
23,99.5,Call,40.05,40.55,2017-03-17,AAPL US 03/17/17 C99.5 Equity,,,,,
24,100.0,Call,39.6,39.9,2017-03-17,AAPL US 03/17/17 C100 Equity,,,,,
25,101.0,Call,38.55,39.05,2017-03-17,AAPL US 03/17/17 C101 Equity,,,,,
26,102.0,Call,37.6,38.05,2017-03-17,AAPL US 03/17/17 C102 Equity,,,,,
27,103.0,Call,36.6,37.05,2017-03-17,AAPL US 03/17/17 C103 Equity,,,,,
28,104.0,Call,35.6,36.05,2017-03-17,AAPL US 03/17/17 C104 Equity,,,,,
29,105.0,Call,34.6,35.05,2017-03-17,AAPL US 03/17/17 C105 Equity,,,,,
30,106.0,Call,33.6,34.05,2017-03-17,AAPL US 03/17/17 C106 Equity,,,,,
31,107.0,Call,32.6,33.05,2017-03-17,AAPL US 03/17/17 C107 Equity,,,,,
32,108.0,Call,31.6,32.05,2017-03-17,AAPL US 03/17/17 C108 Equity,,,,,
33,109.0,Call,30.6,31.05,2017-03-17,AAPL US 03/17/17 C109 Equity,,,,,
34,110.0,Call,29.6,29.95,2017-03-17,AAPL US 03/17/17 C110 Equity,,,,,
35,111.0,Call,28.6,29.05,2017-03-17,AAPL US 03/17/17 C111 Equity,,,,,
36,112.0,Call,27.6,27.95,2017-03-17,AAPL US 03/17/17 C112 Equity,,,,,
37,113.0,Call,26.6,27.05,2017-03-17,AAPL US 03/17/17 C113 Equity,,,,,
38,114.0,Call,25.6,26.05,2017-03-17,AAPL US 03/17/17 C114 Equity,,,,,
39,115.0,Call,24.6,24.95,2017-03-17,AAPL US 03/17/17 C115 Equity,,,,,
40,116.0,Call,23.6,24.05,2017-03-17,AAPL US 03/17/17 C116 Equity,,,,,
41,117.0,Call,22.6,23.05,2017-03-17,AAPL US 03/17/17 C117 Equity,,,,,
42,118.0,Call,21.6,22.1,2017-03-17,AAPL US 03/17/17 C118 Equity,,,,,
43,119.0,Call,20.6,21.1,2017-03-17,AAPL US 03/17/17 C119 Equity,,,,,
44,120.0,Call,19.65,19.95,2017-03-17,AAPL US 03/17/17 C120 Equity,,,,,
45,121.0,Call,18.6,19.05,2017-03-17,AAPL US 03/17/17 C121 Equity,,,,,
46,122.0,Call,17.6,18.1,2017-03-17,AAPL US 03/17/17 C122 Equity,,,,,
47,123.0,Call,16.6,17.05,2017-03-17,AAPL US 03/17/17 C123 Equity,,,,,
48,124.0,Call,15.6,16.0,2017-03-17,AAPL US 03/17/17 C124 Equity,,,,,
49,125.0,Call,14.75,14.95,2017-03-17,AAPL US 03/17/17 C125 Equity,,,,,
50,126.0,Call,13.65,14.0,2017-03-17,AAPL US 03/17/17 C126 Equity,,,,,
51,127.0,Call,12.65,13.0,2017-03-17,AAPL US 03/17/17 C127 Equity,,,,,
52,128.0,Call,11.65,12.0,2017-03-17,AAPL US 03/17/17 C128 Equity,,,,,
53,129.0,Call,10.75,10.95,2017-03-17,AAPL US 03/17/17 C129 Equity,,,,,
54,130.0,Call,9.75,9.95,2017-03-17,AAPL US 03/17/17 C130 Equity,,,,,
55,131.0,Call,8.7,9.0,2017-03-17,AAPL US 03/17/17 C131 Equity,,,,,
56,132.0,Call,7.8,8.0,2017-03-17,AAPL US 03/17/17 C132 Equity,,,,,
57,133.0,Call,6.85,7.05,2017-03-17,AAPL US 03/17/17 C133 Equity,,,,,
58,134.0,Call,5.9,6.1,2017-03-17,AAPL US 03/17/17 C134 Equity,,,,,
59,135.0,Call,5.0,5.15,2017-03-17,AAPL US 03/17/17 C135 Equity,,,,,
60,136.0,Call,4.15,4.3,2017-03-17,AAPL US 03/17/17 C136 Equity,,,,,
61,137.0,Call,3.35,3.45,2017-03-17,AAPL US 03/17/17 C137 Equity,,,,,
62,138.0,Call,2.65,2.69,2017-03-17,AAPL US 03/17/17 C138 Equity,,,,,
63,139.0,Call,2.01,2.04,2017-03-17,AAPL US 03/17/17 C139 Equity,,,,,
64,140.0,Call,1.47,1.5,2017-03-17,AAPL US 03/17/17 C140 Equity,,,,,
65,141.0,Call,1.04,1.06,2017-03-17,AAPL US 03/17/17 C141 Equity,,,,,
66,142.0,Call,0.71,0.72,2017-03-17,AAPL US 03/17/17 C142 Equity,,,,,
67,143.0,Call,0.48,0.51,2017-03-17,AAPL US 03/17/17 C143 Equity,,,,,
68,144.0,Call,0.33,0.35,2017-03-17,AAPL US 03/17/17 C144 Equity,,,,,
69,145.0,Call,0.23,0.24,2017-03-17,AAPL US 03/17/17 C145 Equity,,,,,
70,146.0,Call,0.16,0.17,2017-03-17,AAPL US 03/17/17 C146 Equity,,,,,
71,147.0,Call,0.11,0.13,2017-03-17,AAPL US 03/17/17 C147 Equity,,,,,
72,148.0,Call,0.08,0.1,2017-03-17,AAPL US 03/17/17 C148 Equity,,,,,
73,149.0,Call,0.06,0.07,2017-03-17,AAPL US 03/17/17 C149 Equity,,,,,
74,150.0,Call,0.05,0.06,2017-03-17,AAPL US 03/17/17 C150 Equity,,,,,
75,152.5,Call,0.03,0.04,2017-03-17,AAPL US 03/17/17 C152.5 Equity,,,,,
76,155.0,Call,0.02,0.03,2017-03-17,AAPL US 03/17/17 C155 Equity,,,,,
77,157.5,Call,0.0,0.03,2017-03-17,AAPL US 03/17/17 C157.5 Equity,,,,,
78,160.0,Call,0.01,0.02,2017-03-17,AAPL US 03/17/17 C160 Equity,,,,,
79,165.0,Call,0.0,0.01,2017-03-17,AAPL US 03/17/17 C165 Equity,,,,,
80,170.0,Call,0.0,0.01,2017-03-17,AAPL US 03/17/17 C170 Equity,,,,,
81,175.0,Call,0.0,0.01,2017-03-17,AAPL US 03/17/17 C175 Equity,,,,,
82,180.0,Call,0.0,0.01,2017-03-17,AAPL US 03/17/17 C180 Equity,,,,,
83,185.0,Call,0.0,0.01,2017-03-17,AAPL US 03/17/17 C185 Equity,,,,,
84,190.0,Call,0.0,0.01,2017-03-17,AAPL US 03/17/17 C190 Equity,,,,,
85,195.0,Call,0.0,0.01,2017-03-17,AAPL US 03/17/17 C195 Equity,,,,,
86,200.0,Call,0.0,0.01,2017-03-17,AAPL US 03/17/17 C200 Equity,,,,,
87,205.0,Call,0.0,0.01,2017-03-17,AAPL US 03/17/17 C205 Equity,,,,,
88,210.0,Call,0.0,0.01,2017-03-17,AAPL US 03/17/17 C210 Equity,,,,,
89,220.0,Call,0.0,0.01,2017-03-17,AAPL US 03/17/17 C220 Equity,,,,,
90,230.0,Call,0.0,0.01,2017-03-17,AAPL US 03/17/17 C230 Equity,,,,,
91,240.0,Call,0.0,0.01,2017-03-17,AAPL US 03/17/17 C240 Equity,,,,,
92,45.0,Put,0.0,0.01,2017-03-17,AAPL US 03/17/17 P45 Equity,,,,,
93,47.5,Put,0.0,0.01,2017-03-17,AAPL US 03/17/17 P47.5 Equity,,,,,
94,50.0,Put,0.0,0.01,2017-03-17,AAPL US 03/17/17 P50 Equity,,,,,
95,55.0,Put,0.0,0.01,2017-03-17,AAPL US 03/17/17 P55 Equity,,,,,
96,60.0,Put,0.0,0.01,2017-03-17,AAPL US 03/17/17 P60 Equity,,,,,
97,65.0,Put,0.0,0.01,2017-03-17,AAPL US 03/17/17 P65 Equity,,,,,
98,70.0,Put,0.0,0.01,2017-03-17,AAPL US 03/17/17 P70 Equity,,,,,
99,75.0,Put,0.0,0.01,2017-03-17,AAPL US 03/17/17 P75 Equity,,,,,
100,80.0,Put,0.0,0.01,2017-03-17,AAPL US 03/17/17 P80 Equity,,,,,
101,82.5,Put,0.0,0.01,2017-03-17,AAPL US 03/17/17 P82.5 Equity,,,,,
102,85.0,Put,0.0,0.01,2017-03-17,AAPL US 03/17/17 P85 Equity,,,,,
103,87.5,Put,0.0,0.01,2017-03-17,AAPL US 03/17/17 P87.5 Equity,,,,,
104,90.0,Put,0.0,0.01,2017-03-17,AAPL US 03/17/17 P90 Equity,,,,,
105,92.5,Put,0.0,0.01,2017-03-17,AAPL US 03/17/17 P92.5 Equity,,,,,
106,93.0,Put,0.0,0.01,2017-03-17,AAPL US 03/17/17 P93 Equity,,,,,
107,94.0,Put,0.0,0.01,2017-03-17,AAPL US 03/17/17 P94 Equity,,,,,
108,95.0,Put,0.0,0.01,2017-03-17,AAPL US 03/17/17 P95 Equity,,,,,
109,96.0,Put,0.0,0.01,2017-03-17,AAPL US 03/17/17 P96 Equity,,,,,
110,97.0,Put,0.0,0.01,2017-03-17,AAPL US 03/17/17 P97 Equity,,,,,
111,97.5,Put,0.0,0.01,2017-03-17,AAPL US 03/17/17 P97.5 Equity,,,,,
112,98.0,Put,0.0,0.01,2017-03-17,AAPL US 03/17/17 P98 Equity,,,,,
113,98.5,Put,0.0,0.01,2017-03-17,AAPL US 03/17/17 P98.5 Equity,,,,,
114,99.0,Put,0.0,0.01,2017-03-17,AAPL US 03/17/17 P99 Equity,,,,,
115,99.5,Put,0.0,0.01,2017-03-17,AAPL US 03/17/17 P99.5 Equity,,,,,
116,100.0,Put,0.0,0.01,2017-03-17,AAPL US 03/17/17 P100 Equity,,,,,
117,101.0,Put,0.0,0.01,2017-03-17,AAPL US 03/17/17 P101 Equity,,,,,
118,102.0,Put,0.0,0.01,2017-03-17,AAPL US 03/17/17 P102 Equity,,,,,
119,103.0,Put,0.0,0.01,2017-03-17,AAPL US 03/17/17 P103 Equity,,,,,
120,104.0,Put,0.0,0.01,2017-03-17,AAPL US 03/17/17 P104 Equity,,,,,
121,105.0,Put,0.0,0.01,2017-03-17,AAPL US 03/17/17 P105 Equity,,,,,
122,106.0,Put,0.0,0.02,2017-03-17,AAPL US 03/17/17 P106 Equity,,,,,
123,107.0,Put,0.0,0.02,2017-03-17,AAPL US 03/17/17 P107 Equity,,,,,
124,108.0,Put,0.0,0.02,2017-03-17,AAPL US 03/17/17 P108 Equity,,,,,
125,109.0,Put,0.0,0.02,2017-03-17,AAPL US 03/17/17 P109 Equity,,,,,
126,110.0,Put,0.0,0.02,2017-03-17,AAPL US 03/17/17 P110 Equity,,,,,
127,111.0,Put,0.0,0.02,2017-03-17,AAPL US 03/17/17 P111 Equity,,,,,
128,112.0,Put,0.0,0.02,2017-03-17,AAPL US 03/17/17 P112 Equity,,,,,
129,113.0,Put,0.0,0.02,2017-03-17,AAPL US 03/17/17 P113 Equity,,,,,
130,114.0,Put,0.0,0.01,2017-03-17,AAPL US 03/17/17 P114 Equity,,,,,
131,115.0,Put,0.0,0.01,2017-03-17,AAPL US 03/17/17 P115 Equity,,,,,
132,116.0,Put,0.0,0.03,2017-03-17,AAPL US 03/17/17 P116 Equity,,,,,
133,117.0,Put,0.01,0.03,2017-03-17,AAPL US 03/17/17 P117 Equity,,,,,
134,118.0,Put,0.01,0.03,2017-03-17,AAPL US 03/17/17 P118 Equity,,,,,
135,119.0,Put,0.01,0.03,2017-03-17,AAPL US 03/17/17 P119 Equity,,,,,
136,120.0,Put,0.01,0.02,2017-03-17,AAPL US 03/17/17 P120 Equity,,,,,
137,121.0,Put,0.02,0.03,2017-03-17,AAPL US 03/17/17 P121 Equity,,,,,
138,122.0,Put,0.02,0.03,2017-03-17,AAPL US 03/17/17 P122 Equity,,,,,
139,123.0,Put,0.02,0.03,2017-03-17,AAPL US 03/17/17 P123 Equity,,,,,
140,124.0,Put,0.03,0.04,2017-03-17,AAPL US 03/17/17 P124 Equity,,,,,
141,125.0,Put,0.03,0.04,2017-03-17,AAPL US 03/17/17 P125 Equity,,,,,
142,126.0,Put,0.04,0.05,2017-03-17,AAPL US 03/17/17 P126 Equity,,,,,
143,127.0,Put,0.04,0.05,2017-03-17,AAPL US 03/17/17 P127 Equity,,,,,
144,128.0,Put,0.05,0.06,2017-03-17,AAPL US 03/17/17 P128 Equity,,,,,
145,129.0,Put,0.06,0.07,2017-03-17,AAPL US 03/17/17 P129 Equity,,,,,
146,130.0,Put,0.07,0.09,2017-03-17,AAPL US 03/17/17 P130 Equity,,,,,
147,131.0,Put,0.09,0.1,2017-03-17,AAPL US 03/17/17 P131 Equity,,,,,
148,132.0,Put,0.11,0.13,2017-03-17,AAPL US 03/17/17 P132 Equity,,,,,
149,133.0,Put,0.15,0.16,2017-03-17,AAPL US 03/17/17 P133 Equity,,,,,
150,134.0,Put,0.2,0.22,2017-03-17,AAPL US 03/17/17 P134 Equity,,,,,
151,135.0,Put,0.28,0.29,2017-03-17,AAPL US 03/17/17 P135 Equity,,,,,
152,136.0,Put,0.4,0.43,2017-03-17,AAPL US 03/17/17 P136 Equity,,,,,
153,137.0,Put,0.59,0.61,2017-03-17,AAPL US 03/17/17 P137 Equity,,,,,
154,138.0,Put,0.85,0.87,2017-03-17,AAPL US 03/17/17 P138 Equity,,,,,
155,139.0,Put,1.2,1.23,2017-03-17,AAPL US 03/17/17 P139 Equity,,,,,
156,140.0,Put,1.66,1.69,2017-03-17,AAPL US 03/17/17 P140 Equity,,,,,
157,141.0,Put,2.23,2.28,2017-03-17,AAPL US 03/17/17 P141 Equity,,,,,
158,142.0,Put,2.9,2.96,2017-03-17,AAPL US 03/17/17 P142 Equity,,,,,
159,143.0,Put,3.65,3.75,2017-03-17,AAPL US 03/17/17 P143 Equity,,,,,
160,144.0,Put,4.45,4.65,2017-03-17,AAPL US 03/17/17 P144 Equity,,,,,
161,145.0,Put,5.35,5.55,2017-03-17,AAPL US 03/17/17 P145 Equity,,,,,
162,146.0,Put,6.2,6.55,2017-03-17,AAPL US 03/17/17 P146 Equity,,,,,
163,147.0,Put,7.2,7.45,2017-03-17,AAPL US 03/17/17 P147 Equity,,,,,
164,148.0,Put,8.15,8.5,2017-03-17,AAPL US 03/17/17 P148 Equity,,,,,
165,149.0,Put,9.15,9.5,2017-03-17,AAPL US 03/17/17 P149 Equity,,,,,
166,150.0,Put,10.15,10.4,2017-03-17,AAPL US 03/17/17 P150 Equity,,,,,
167,152.5,Put,12.6,13.0,2017-03-17,AAPL US 03/17/17 P152.5 Equity,,,,,
168,155.0,Put,15.05,15.45,2017-03-17,AAPL US 03/17/17 P155 Equity,,,,,
169,157.5,Put,17.5,17.95,2017-03-17,AAPL US 03/17/17 P157.5 Equity,,,,,
170,160.0,Put,20.0,20.45,2017-03-17,AAPL US 03/17/17 P160 Equity,,,,,
171,165.0,Put,25.0,25.45,2017-03-17,AAPL US 03/17/17 P165 Equity,,,,,
172,170.0,Put,30.0,30.45,2017-03-17,AAPL US 03/17/17 P170 Equity,,,,,
173,175.0,Put,35.0,35.45,2017-03-17,AAPL US 03/17/17 P175 Equity,,,,,
174,180.0,Put,40.0,40.45,2017-03-17,AAPL US 03/17/17 P180 Equity,,,,,
175,185.0,Put,45.0,45.45,2017-03-17,AAPL US 03/17/17 P185 Equity,,,,,
176,190.0,Put,50.0,50.45,2017-03-17,AAPL US 03/17/17 P190 Equity,,,,,
177,195.0,Put,55.0,55.45,2017-03-17,AAPL US 03/17/17 P195 Equity,,,,,
178,200.0,Put,60.0,60.45,2017-03-17,AAPL US 03/17/17 P200 Equity,,,,,
179,205.0,Put,65.0,65.45,2017-03-17,AAPL US 03/17/17 P205 Equity,,,,,
180,210.0,Put,70.0,70.45,2017-03-17,AAPL US 03/17/17 P210 Equity,,,,,
181,220.0,Put,80.0,80.45,2017-03-17,AAPL US 03/17/17 P220 Equity,,,,,
182,230.0,Put,90.0,90.45,2017-03-17,AAPL US 03/17/17 P230 Equity,,,,,
183,240.0,Put,100.0,100.45,2017-03-17,AAPL US 03/17/17 P240 Equity,,,,,
184,47.5,Call,92.1,92.6,2017-04-21,AAPL US 04/21/17 C47.5 Equity,,,,,
185,50.0,Call,89.6,90.1,2017-04-21,AAPL US 04/21/17 C50 Equity,,,,,
186,55.0,Call,84.6,85.15,2017-04-21,AAPL US 04/21/17 C55 Equity,,,,,
187,60.0,Call,79.6,80.15,2017-04-21,AAPL US 04/21/17 C60 Equity,,,,,
188,65.0,Call,74.6,75.15,2017-04-21,AAPL US 04/21/17 C65 Equity,,,,,
189,70.0,Call,69.6,70.15,2017-04-21,AAPL US 04/21/17 C70 Equity,,,,,
190,75.0,Call,64.65,65.15,2017-04-21,AAPL US 04/21/17 C75 Equity,,,,,
191,80.0,Call,59.65,60.15,2017-04-21,AAPL US 04/21/17 C80 Equity,,,,,
192,85.0,Call,54.65,55.15,2017-04-21,AAPL US 04/21/17 C85 Equity,,,,,
193,87.5,Call,52.15,52.65,2017-04-21,AAPL US 04/21/17 C87.5 Equity,,,,,
194,90.0,Call,49.65,50.1,2017-04-21,AAPL US 04/21/17 C90 Equity,,,,,
195,92.5,Call,47.15,47.7,2017-04-21,AAPL US 04/21/17 C92.5 Equity,,,,,
196,95.0,Call,44.65,45.2,2017-04-21,AAPL US 04/21/17 C95 Equity,,,,,
197,97.5,Call,42.2,42.7,2017-04-21,AAPL US 04/21/17 C97.5 Equity,,,,,
198,100.0,Call,39.7,40.2,2017-04-21,AAPL US 04/21/17 C100 Equity,,,,,
199,105.0,Call,34.75,35.15,2017-04-21,AAPL US 04/21/17 C105 Equity,,,,,
200,110.0,Call,29.75,30.1,2017-04-21,AAPL US 04/21/17 C110 Equity,,,,,
201,115.0,Call,24.85,25.15,2017-04-21,AAPL US 04/21/17 C115 Equity,,,,,
202,120.0,Call,19.9,20.15,2017-04-21,AAPL US 04/21/17 C120 Equity,,,,,
203,125.0,Call,15.0,15.2,2017-04-21,AAPL US 04/21/17 C125 Equity,,,,,
204,130.0,Call,10.45,10.6,2017-04-21,AAPL US 04/21/17 C130 Equity,,,,,
205,135.0,Call,6.25,6.35,2017-04-21,AAPL US 04/21/17 C135 Equity,,,,,
206,140.0,Call,3.1,3.15,2017-04-21,AAPL US 04/21/17 C140 Equity,,,,,
207,145.0,Call,1.26,1.28,2017-04-21,AAPL US 04/21/17 C145 Equity,,,,,
208,150.0,Call,0.44,0.46,2017-04-21,AAPL US 04/21/17 C150 Equity,,,,,
209,155.0,Call,0.17,0.18,2017-04-21,AAPL US 04/21/17 C155 Equity,,,,,
210,160.0,Call,0.07,0.09,2017-04-21,AAPL US 04/21/17 C160 Equity,,,,,
211,165.0,Call,0.03,0.04,2017-04-21,AAPL US 04/21/17 C165 Equity,,,,,
212,170.0,Call,0.01,0.02,2017-04-21,AAPL US 04/21/17 C170 Equity,,,,,
213,175.0,Call,0.0,0.01,2017-04-21,AAPL US 04/21/17 C175 Equity,,,,,
214,180.0,Call,0.0,0.01,2017-04-21,AAPL US 04/21/17 C180 Equity,,,,,
215,185.0,Call,0.0,0.03,2017-04-21,AAPL US 04/21/17 C185 Equity,,,,,
216,190.0,Call,0.0,0.03,2017-04-21,AAPL US 04/21/17 C190 Equity,,,,,
217,195.0,Call,0.0,0.02,2017-04-21,AAPL US 04/21/17 C195 Equity,,,,,
218,200.0,Call,0.0,0.02,2017-04-21,AAPL US 04/21/17 C200 Equity,,,,,
219,210.0,Call,0.0,0.02,2017-04-21,AAPL US 04/21/17 C210 Equity,,,,,
220,47.5,Put,0.0,0.02,2017-04-21,AAPL US 04/21/17 P47.5 Equity,,,,,
221,50.0,Put,0.0,0.02,2017-04-21,AAPL US 04/21/17 P50 Equity,,,,,
222,55.0,Put,0.0,0.02,2017-04-21,AAPL US 04/21/17 P55 Equity,,,,,
223,60.0,Put,0.0,0.02,2017-04-21,AAPL US 04/21/17 P60 Equity,,,,,
224,65.0,Put,0.0,0.02,2017-04-21,AAPL US 04/21/17 P65 Equity,,,,,
225,70.0,Put,0.0,0.02,2017-04-21,AAPL US 04/21/17 P70 Equity,,,,,
226,75.0,Put,0.0,0.01,2017-04-21,AAPL US 04/21/17 P75 Equity,,,,,
227,80.0,Put,0.0,0.01,2017-04-21,AAPL US 04/21/17 P80 Equity,,,,,
228,85.0,Put,0.0,0.01,2017-04-21,AAPL US 04/21/17 P85 Equity,,,,,
229,87.5,Put,0.0,0.01,2017-04-21,AAPL US 04/21/17 P87.5 Equity,,,,,
230,90.0,Put,0.0,0.01,2017-04-21,AAPL US 04/21/17 P90 Equity,,,,,
231,92.5,Put,0.0,0.01,2017-04-21,AAPL US 04/21/17 P92.5 Equity,,,,,
232,95.0,Put,0.0,0.01,2017-04-21,AAPL US 04/21/17 P95 Equity,,,,,
233,97.5,Put,0.0,0.02,2017-04-21,AAPL US 04/21/17 P97.5 Equity,,,,,
234,100.0,Put,0.0,0.04,2017-04-21,AAPL US 04/21/17 P100 Equity,,,,,
235,105.0,Put,0.02,0.03,2017-04-21,AAPL US 04/21/17 P105 Equity,,,,,
236,110.0,Put,0.04,0.05,2017-04-21,AAPL US 04/21/17 P110 Equity,,,,,
237,115.0,Put,0.07,0.08,2017-04-21,AAPL US 04/21/17 P115 Equity,,,,,
238,120.0,Put,0.11,0.12,2017-04-21,AAPL US 04/21/17 P120 Equity,,,,,
239,125.0,Put,0.22,0.23,2017-04-21,AAPL US 04/21/17 P125 Equity,,,,,
240,130.0,Put,0.51,0.54,2017-04-21,AAPL US 04/21/17 P130 Equity,,,,,
241,135.0,Put,1.35,1.38,2017-04-21,AAPL US 04/21/17 P135 Equity,,,,,
242,140.0,Put,3.15,3.25,2017-04-21,AAPL US 04/21/17 P140 Equity,,,,,
243,145.0,Put,6.3,6.4,2017-04-21,AAPL US 04/21/17 P145 Equity,,,,,
244,150.0,Put,10.45,10.7,2017-04-21,AAPL US 04/21/17 P150 Equity,,,,,
245,155.0,Put,15.2,15.5,2017-04-21,AAPL US 04/21/17 P155 Equity,,,,,
246,160.0,Put,20.1,20.5,2017-04-21,AAPL US 04/21/17 P160 Equity,,,,,
247,165.0,Put,25.0,25.5,2017-04-21,AAPL US 04/21/17 P165 Equity,,,,,
248,170.0,Put,30.0,30.5,2017-04-21,AAPL US 04/21/17 P170 Equity,,,,,
249,175.0,Put,35.0,35.5,2017-04-21,AAPL US 04/21/17 P175 Equity,,,,,
250,180.0,Put,40.0,40.5,2017-04-21,AAPL US 04/21/17 P180 Equity,,,,,
251,185.0,Put,45.0,45.5,2017-04-21,AAPL US 04/21/17 P185 Equity,,,,,
252,190.0,Put,50.0,50.5,2017-04-21,AAPL US 04/21/17 P190 Equity,,,,,
253,195.0,Put,55.0,55.5,2017-04-21,AAPL US 04/21/17 P195 Equity,,,,,
254,200.0,Put,60.0,60.5,2017-04-21,AAPL US 04/21/17 P200 Equity,,,,,
255,210.0,Put,70.0,70.5,2017-04-21,AAPL US 04/21/17 P210 Equity,,,,,
256,2.5,Call,136.9,137.6,2017-05-19,AAPL US 05/19/17 C2.5 Equity,,,,,
257,5.0,Call,134.35,135.1,2017-05-19,AAPL US 05/19/17 C5 Equity,,,,,
258,7.5,Call,131.9,132.6,2017-05-19,AAPL US 05/19/17 C7.5 Equity,,,,,
259,10.0,Call,129.4,130.1,2017-05-19,AAPL US 05/19/17 C10 Equity,,,,,
260,12.5,Call,126.9,127.6,2017-05-19,AAPL US 05/19/17 C12.5 Equity,,,,,
261,15.0,Call,124.4,125.1,2017-05-19,AAPL US 05/19/17 C15 Equity,,,,,
262,17.5,Call,121.9,122.6,2017-05-19,AAPL US 05/19/17 C17.5 Equity,,,,,
263,20.0,Call,119.4,120.15,2017-05-19,AAPL US 05/19/17 C20 Equity,,,,,
264,22.5,Call,116.9,117.65,2017-05-19,AAPL US 05/19/17 C22.5 Equity,,,,,
265,25.0,Call,114.45,115.15,2017-05-19,AAPL US 05/19/17 C25 Equity,,,,,
266,30.0,Call,109.45,110.15,2017-05-19,AAPL US 05/19/17 C30 Equity,,,,,
267,35.0,Call,104.45,105.15,2017-05-19,AAPL US 05/19/17 C35 Equity,,,,,
268,40.0,Call,99.45,100.15,2017-05-19,AAPL US 05/19/17 C40 Equity,,,,,
269,45.0,Call,94.45,95.2,2017-05-19,AAPL US 05/19/17 C45 Equity,,,,,
270,50.0,Call,89.5,90.2,2017-05-19,AAPL US 05/19/17 C50 Equity,,,,,
271,55.0,Call,84.5,85.2,2017-05-19,AAPL US 05/19/17 C55 Equity,,,,,
272,60.0,Call,79.5,80.2,2017-05-19,AAPL US 05/19/17 C60 Equity,,,,,
273,65.0,Call,74.5,75.25,2017-05-19,AAPL US 05/19/17 C65 Equity,,,,,
274,70.0,Call,69.55,70.25,2017-05-19,AAPL US 05/19/17 C70 Equity,,,,,
275,75.0,Call,64.55,65.25,2017-05-19,AAPL US 05/19/17 C75 Equity,,,,,
276,80.0,Call,59.55,60.25,2017-05-19,AAPL US 05/19/17 C80 Equity,,,,,
277,85.0,Call,54.55,55.3,2017-05-19,AAPL US 05/19/17 C85 Equity,,,,,
278,90.0,Call,49.6,50.3,2017-05-19,AAPL US 05/19/17 C90 Equity,,,,,
279,95.0,Call,44.6,45.35,2017-05-19,AAPL US 05/19/17 C95 Equity,,,,,
280,100.0,Call,39.65,40.35,2017-05-19,AAPL US 05/19/17 C100 Equity,,,,,
281,105.0,Call,34.7,35.4,2017-05-19,AAPL US 05/19/17 C105 Equity,,,,,
282,110.0,Call,29.8,30.35,2017-05-19,AAPL US 05/19/17 C110 Equity,,,,,
283,115.0,Call,24.95,25.5,2017-05-19,AAPL US 05/19/17 C115 Equity,,,,,
284,120.0,Call,20.25,20.55,2017-05-19,AAPL US 05/19/17 C120 Equity,,,,,
285,125.0,Call,15.7,15.9,2017-05-19,AAPL US 05/19/17 C125 Equity,,,,,
286,130.0,Call,11.45,11.6,2017-05-19,AAPL US 05/19/17 C130 Equity,,,,,
287,135.0,Call,7.75,7.9,2017-05-19,AAPL US 05/19/17 C135 Equity,,,,,
288,140.0,Call,4.85,4.9,2017-05-19,AAPL US 05/19/17 C140 Equity,,,,,
289,145.0,Call,2.78,2.83,2017-05-19,AAPL US 05/19/17 C145 Equity,,,,,
290,150.0,Call,1.48,1.51,2017-05-19,AAPL US 05/19/17 C150 Equity,,,,,
291,155.0,Call,0.76,0.78,2017-05-19,AAPL US 05/19/17 C155 Equity,,,,,
292,160.0,Call,0.39,0.4,2017-05-19,AAPL US 05/19/17 C160 Equity,,,,,
293,165.0,Call,0.2,0.22,2017-05-19,AAPL US 05/19/17 C165 Equity,,,,,
294,170.0,Call,0.11,0.12,2017-05-19,AAPL US 05/19/17 C170 Equity,,,,,
295,175.0,Call,0.07,0.08,2017-05-19,AAPL US 05/19/17 C175 Equity,,,,,
296,180.0,Call,0.04,0.05,2017-05-19,AAPL US 05/19/17 C180 Equity,,,,,
297,185.0,Call,0.0,0.05,2017-05-19,AAPL US 05/19/17 C185 Equity,,,,,
298,190.0,Call,0.0,0.05,2017-05-19,AAPL US 05/19/17 C190 Equity,,,,,
299,195.0,Call,0.0,0.04,2017-05-19,AAPL US 05/19/17 C195 Equity,,,,,
300,200.0,Call,0.0,0.03,2017-05-19,AAPL US 05/19/17 C200 Equity,,,,,
301,205.0,Call,0.0,0.03,2017-05-19,AAPL US 05/19/17 C205 Equity,,,,,
302,210.0,Call,0.0,0.03,2017-05-19,AAPL US 05/19/17 C210 Equity,,,,,
303,215.0,Call,0.0,0.03,2017-05-19,AAPL US 05/19/17 C215 Equity,,,,,
304,220.0,Call,0.0,0.02,2017-05-19,AAPL US 05/19/17 C220 Equity,,,,,
305,225.0,Call,0.0,0.02,2017-05-19,AAPL US 05/19/17 C225 Equity,,,,,
306,230.0,Call,0.0,0.02,2017-05-19,AAPL US 05/19/17 C230 Equity,,,,,
307,235.0,Call,0.0,0.02,2017-05-19,AAPL US 05/19/17 C235 Equity,,,,,
308,240.0,Call,0.0,0.02,2017-05-19,AAPL US 05/19/17 C240 Equity,,,,,
309,2.5,Put,0.0,0.02,2017-05-19,AAPL US 05/19/17 P2.5 Equity,,,,,
310,5.0,Put,0.0,0.02,2017-05-19,AAPL US 05/19/17 P5 Equity,,,,,
311,7.5,Put,0.0,0.02,2017-05-19,AAPL US 05/19/17 P7.5 Equity,,,,,
312,10.0,Put,0.0,0.02,2017-05-19,AAPL US 05/19/17 P10 Equity,,,,,
313,12.5,Put,0.0,0.02,2017-05-19,AAPL US 05/19/17 P12.5 Equity,,,,,
314,15.0,Put,0.0,0.02,2017-05-19,AAPL US 05/19/17 P15 Equity,,,,,
315,17.5,Put,0.0,0.02,2017-05-19,AAPL US 05/19/17 P17.5 Equity,,,,,
316,20.0,Put,0.0,0.02,2017-05-19,AAPL US 05/19/17 P20 Equity,,,,,
317,22.5,Put,0.0,0.02,2017-05-19,AAPL US 05/19/17 P22.5 Equity,,,,,
318,25.0,Put,0.0,0.02,2017-05-19,AAPL US 05/19/17 P25 Equity,,,,,
319,30.0,Put,0.0,0.02,2017-05-19,AAPL US 05/19/17 P30 Equity,,,,,
320,35.0,Put,0.0,0.02,2017-05-19,AAPL US 05/19/17 P35 Equity,,,,,
321,40.0,Put,0.0,0.02,2017-05-19,AAPL US 05/19/17 P40 Equity,,,,,
322,45.0,Put,0.0,0.02,2017-05-19,AAPL US 05/19/17 P45 Equity,,,,,
323,50.0,Put,0.0,0.02,2017-05-19,AAPL US 05/19/17 P50 Equity,,,,,
324,55.0,Put,0.0,0.02,2017-05-19,AAPL US 05/19/17 P55 Equity,,,,,
325,60.0,Put,0.0,0.02,2017-05-19,AAPL US 05/19/17 P60 Equity,,,,,
326,65.0,Put,0.0,0.02,2017-05-19,AAPL US 05/19/17 P65 Equity,,,,,
327,70.0,Put,0.0,0.03,2017-05-19,AAPL US 05/19/17 P70 Equity,,,,,
328,75.0,Put,0.0,0.03,2017-05-19,AAPL US 05/19/17 P75 Equity,,,,,
329,80.0,Put,0.0,0.03,2017-05-19,AAPL US 05/19/17 P80 Equity,,,,,
330,85.0,Put,0.0,0.04,2017-05-19,AAPL US 05/19/17 P85 Equity,,,,,
331,90.0,Put,0.01,0.05,2017-05-19,AAPL US 05/19/17 P90 Equity,,,,,
332,95.0,Put,0.04,0.06,2017-05-19,AAPL US 05/19/17 P95 Equity,,,,,
333,100.0,Put,0.07,0.09,2017-05-19,AAPL US 05/19/17 P100 Equity,,,,,
334,105.0,Put,0.12,0.13,2017-05-19,AAPL US 05/19/17 P105 Equity,,,,,
335,110.0,Put,0.19,0.2,2017-05-19,AAPL US 05/19/17 P110 Equity,,,,,
336,115.0,Put,0.31,0.33,2017-05-19,AAPL US 05/19/17 P115 Equity,,,,,
337,120.0,Put,0.53,0.56,2017-05-19,AAPL US 05/19/17 P120 Equity,,,,,
338,125.0,Put,0.96,0.98,2017-05-19,AAPL US 05/19/17 P125 Equity,,,,,
339,130.0,Put,1.74,1.78,2017-05-19,AAPL US 05/19/17 P130 Equity,,,,,
340,135.0,Put,3.1,3.15,2017-05-19,AAPL US 05/19/17 P135 Equity,,,,,
341,140.0,Put,5.2,5.35,2017-05-19,AAPL US 05/19/17 P140 Equity,,,,,
342,145.0,Put,8.15,8.3,2017-05-19,AAPL US 05/19/17 P145 Equity,,,,,
343,150.0,Put,11.85,12.05,2017-05-19,AAPL US 05/19/17 P150 Equity,,,,,
344,155.0,Put,16.15,16.35,2017-05-19,AAPL US 05/19/17 P155 Equity,,,,,
345,160.0,Put,20.75,21.0,2017-05-19,AAPL US 05/19/17 P160 Equity,,,,,
346,165.0,Put,25.45,26.0,2017-05-19,AAPL US 05/19/17 P165 Equity,,,,,
347,170.0,Put,30.45,30.75,2017-05-19,AAPL US 05/19/17 P170 Equity,,,,,
348,175.0,Put,35.2,35.9,2017-05-19,AAPL US 05/19/17 P175 Equity,,,,,
349,180.0,Put,40.2,40.9,2017-05-19,AAPL US 05/19/17 P180 Equity,,,,,
350,185.0,Put,45.15,45.85,2017-05-19,AAPL US 05/19/17 P185 Equity,,,,,
351,190.0,Put,50.15,50.85,2017-05-19,AAPL US 05/19/17 P190 Equity,,,,,
352,195.0,Put,55.1,55.85,2017-05-19,AAPL US 05/19/17 P195 Equity,,,,,
353,200.0,Put,60.1,60.8,2017-05-19,AAPL US 05/19/17 P200 Equity,,,,,
354,205.0,Put,65.1,65.8,2017-05-19,AAPL US 05/19/17 P205 Equity,,,,,
355,210.0,Put,70.05,70.8,2017-05-19,AAPL US 05/19/17 P210 Equity,,,,,
356,215.0,Put,75.05,75.75,2017-05-19,AAPL US 05/19/17 P215 Equity,,,,,
357,220.0,Put,80.05,80.75,2017-05-19,AAPL US 05/19/17 P220 Equity,,,,,
358,225.0,Put,85.05,85.75,2017-05-19,AAPL US 05/19/17 P225 Equity,,,,,
359,230.0,Put,90.0,90.75,2017-05-19,AAPL US 05/19/17 P230 Equity,,,,,
360,235.0,Put,95.0,95.75,2017-05-19,AAPL US 05/19/17 P235 Equity,,,,,
361,240.0,Put,100.0,100.7,2017-05-19,AAPL US 05/19/17 P240 Equity,,,,,
362,2.5,Call,136.85,137.6,2017-06-16,AAPL US 06/16/17 C2.5 Equity,,,,,
363,5.0,Call,134.4,135.1,2017-06-16,AAPL US 06/16/17 C5 Equity,,,,,
364,7.5,Call,131.9,132.6,2017-06-16,AAPL US 06/16/17 C7.5 Equity,,,,,
365,10.0,Call,129.35,130.1,2017-06-16,AAPL US 06/16/17 C10 Equity,,,,,
366,12.5,Call,126.85,127.6,2017-06-16,AAPL US 06/16/17 C12.5 Equity,,,,,
367,15.0,Call,124.4,125.1,2017-06-16,AAPL US 06/16/17 C15 Equity,,,,,
368,17.5,Call,121.9,122.6,2017-06-16,AAPL US 06/16/17 C17.5 Equity,,,,,
369,20.0,Call,119.4,120.15,2017-06-16,AAPL US 06/16/17 C20 Equity,,,,,
370,22.5,Call,116.9,117.65,2017-06-16,AAPL US 06/16/17 C22.5 Equity,,,,,
371,25.0,Call,114.4,115.15,2017-06-16,AAPL US 06/16/17 C25 Equity,,,,,
372,30.0,Call,109.4,110.15,2017-06-16,AAPL US 06/16/17 C30 Equity,,,,,
373,35.0,Call,104.45,105.15,2017-06-16,AAPL US 06/16/17 C35 Equity,,,,,
374,40.0,Call,99.45,100.15,2017-06-16,AAPL US 06/16/17 C40 Equity,,,,,
375,45.0,Call,94.45,95.2,2017-06-16,AAPL US 06/16/17 C45 Equity,,,,,
376,47.5,Call,92.0,92.7,2017-06-16,AAPL US 06/16/17 C47.5 Equity,,,,,
377,50.0,Call,89.5,90.2,2017-06-16,AAPL US 06/16/17 C50 Equity,,,,,
378,55.0,Call,84.45,85.2,2017-06-16,AAPL US 06/16/17 C55 Equity,,,,,
379,60.0,Call,79.5,80.2,2017-06-16,AAPL US 06/16/17 C60 Equity,,,,,
380,65.0,Call,74.5,75.25,2017-06-16,AAPL US 06/16/17 C65 Equity,,,,,
381,70.0,Call,69.55,70.25,2017-06-16,AAPL US 06/16/17 C70 Equity,,,,,
382,75.0,Call,64.5,65.25,2017-06-16,AAPL US 06/16/17 C75 Equity,,,,,
383,80.0,Call,59.65,60.2,2017-06-16,AAPL US 06/16/17 C80 Equity,,,,,
384,82.5,Call,57.05,57.8,2017-06-16,AAPL US 06/16/17 C82.5 Equity,,,,,
385,85.0,Call,54.55,55.3,2017-06-16,AAPL US 06/16/17 C85 Equity,,,,,
386,87.5,Call,52.05,52.8,2017-06-16,AAPL US 06/16/17 C87.5 Equity,,,,,
387,90.0,Call,49.55,50.3,2017-06-16,AAPL US 06/16/17 C90 Equity,,,,,
388,92.5,Call,47.25,47.7,2017-06-16,AAPL US 06/16/17 C92.5 Equity,,,,,
389,95.0,Call,44.7,45.35,2017-06-16,AAPL US 06/16/17 C95 Equity,,,,,
390,97.5,Call,42.1,42.85,2017-06-16,AAPL US 06/16/17 C97.5 Equity,,,,,
391,100.0,Call,39.85,40.2,2017-06-16,AAPL US 06/16/17 C100 Equity,,,,,
392,105.0,Call,34.9,35.25,2017-06-16,AAPL US 06/16/17 C105 Equity,,,,,
393,110.0,Call,30.05,30.3,2017-06-16,AAPL US 06/16/17 C110 Equity,,,,,
394,115.0,Call,25.2,25.55,2017-06-16,AAPL US 06/16/17 C115 Equity,,,,,
395,120.0,Call,20.55,20.8,2017-06-16,AAPL US 06/16/17 C120 Equity,,,,,
396,125.0,Call,16.1,16.25,2017-06-16,AAPL US 06/16/17 C125 Equity,,,,,
397,130.0,Call,12.05,12.15,2017-06-16,AAPL US 06/16/17 C130 Equity,,,,,
398,135.0,Call,8.5,8.65,2017-06-16,AAPL US 06/16/17 C135 Equity,,,,,
399,140.0,Call,5.7,5.8,2017-06-16,AAPL US 06/16/17 C140 Equity,,,,,
400,145.0,Call,3.55,3.65,2017-06-16,AAPL US 06/16/17 C145 Equity,,,,,
401,150.0,Call,2.13,2.16,2017-06-16,AAPL US 06/16/17 C150 Equity,,,,,
402,155.0,Call,1.22,1.24,2017-06-16,AAPL US 06/16/17 C155 Equity,,,,,
403,160.0,Call,0.67,0.7,2017-06-16,AAPL US 06/16/17 C160 Equity,,,,,
404,165.0,Call,0.38,0.4,2017-06-16,AAPL US 06/16/17 C165 Equity,,,,,
405,170.0,Call,0.22,0.24,2017-06-16,AAPL US 06/16/17 C170 Equity,,,,,
406,175.0,Call,0.14,0.15,2017-06-16,AAPL US 06/16/17 C175 Equity,,,,,
407,180.0,Call,0.09,0.1,2017-06-16,AAPL US 06/16/17 C180 Equity,,,,,
408,185.0,Call,0.06,0.08,2017-06-16,AAPL US 06/16/17 C185 Equity,,,,,
409,190.0,Call,0.04,0.06,2017-06-16,AAPL US 06/16/17 C190 Equity,,,,,
410,195.0,Call,0.03,0.04,2017-06-16,AAPL US 06/16/17 C195 Equity,,,,,
411,200.0,Call,0.0,0.05,2017-06-16,AAPL US 06/16/17 C200 Equity,,,,,
412,205.0,Call,0.0,0.04,2017-06-16,AAPL US 06/16/17 C205 Equity,,,,,
413,210.0,Call,0.0,0.04,2017-06-16,AAPL US 06/16/17 C210 Equity,,,,,
414,215.0,Call,0.0,0.03,2017-06-16,AAPL US 06/16/17 C215 Equity,,,,,
415,220.0,Call,0.0,0.03,2017-06-16,AAPL US 06/16/17 C220 Equity,,,,,
416,225.0,Call,0.0,0.02,2017-06-16,AAPL US 06/16/17 C225 Equity,,,,,
417,230.0,Call,0.0,0.03,2017-06-16,AAPL US 06/16/17 C230 Equity,,,,,
418,235.0,Call,0.0,0.03,2017-06-16,AAPL US 06/16/17 C235 Equity,,,,,
419,240.0,Call,0.0,0.02,2017-06-16,AAPL US 06/16/17 C240 Equity,,,,,
420,245.0,Call,0.0,0.02,2017-06-16,AAPL US 06/16/17 C245 Equity,,,,,
421,250.0,Call,0.0,0.02,2017-06-16,AAPL US 06/16/17 C250 Equity,,,,,
422,255.0,Call,0.0,0.02,2017-06-16,AAPL US 06/16/17 C255 Equity,,,,,
423,260.0,Call,0.0,0.02,2017-06-16,AAPL US 06/16/17 C260 Equity,,,,,
424,265.0,Call,0.0,0.02,2017-06-16,AAPL US 06/16/17 C265 Equity,,,,,
425,270.0,Call,0.0,0.02,2017-06-16,AAPL US 06/16/17 C270 Equity,,,,,
426,2.5,Put,0.0,0.01,2017-06-16,AAPL US 06/16/17 P2.5 Equity,,,,,
427,5.0,Put,0.0,0.02,2017-06-16,AAPL US 06/16/17 P5 Equity,,,,,
428,7.5,Put,0.0,0.02,2017-06-16,AAPL US 06/16/17 P7.5 Equity,,,,,
429,10.0,Put,0.0,0.02,2017-06-16,AAPL US 06/16/17 P10 Equity,,,,,
430,12.5,Put,0.0,0.02,2017-06-16,AAPL US 06/16/17 P12.5 Equity,,,,,
431,15.0,Put,0.0,0.02,2017-06-16,AAPL US 06/16/17 P15 Equity,,,,,
432,17.5,Put,0.0,0.02,2017-06-16,AAPL US 06/16/17 P17.5 Equity,,,,,
433,20.0,Put,0.0,0.02,2017-06-16,AAPL US 06/16/17 P20 Equity,,,,,
434,22.5,Put,0.0,0.02,2017-06-16,AAPL US 06/16/17 P22.5 Equity,,,,,
435,25.0,Put,0.0,0.02,2017-06-16,AAPL US 06/16/17 P25 Equity,,,,,
436,30.0,Put,0.0,0.02,2017-06-16,AAPL US 06/16/17 P30 Equity,,,,,
437,35.0,Put,0.0,0.02,2017-06-16,AAPL US 06/16/17 P35 Equity,,,,,
438,40.0,Put,0.0,0.02,2017-06-16,AAPL US 06/16/17 P40 Equity,,,,,
439,45.0,Put,0.0,0.02,2017-06-16,AAPL US 06/16/17 P45 Equity,,,,,
440,47.5,Put,0.0,0.01,2017-06-16,AAPL US 06/16/17 P47.5 Equity,,,,,
441,50.0,Put,0.0,0.02,2017-06-16,AAPL US 06/16/17 P50 Equity,,,,,
442,55.0,Put,0.0,0.01,2017-06-16,AAPL US 06/16/17 P55 Equity,,,,,
443,60.0,Put,0.0,0.02,2017-06-16,AAPL US 06/16/17 P60 Equity,,,,,
444,65.0,Put,0.0,0.03,2017-06-16,AAPL US 06/16/17 P65 Equity,,,,,
445,70.0,Put,0.0,0.03,2017-06-16,AAPL US 06/16/17 P70 Equity,,,,,
446,75.0,Put,0.0,0.03,2017-06-16,AAPL US 06/16/17 P75 Equity,,,,,
447,80.0,Put,0.0,0.04,2017-06-16,AAPL US 06/16/17 P80 Equity,,,,,
448,82.5,Put,0.02,0.05,2017-06-16,AAPL US 06/16/17 P82.5 Equity,,,,,
449,85.0,Put,0.01,0.05,2017-06-16,AAPL US 06/16/17 P85 Equity,,,,,
450,87.5,Put,0.01,0.05,2017-06-16,AAPL US 06/16/17 P87.5 Equity,,,,,
451,90.0,Put,0.05,0.06,2017-06-16,AAPL US 06/16/17 P90 Equity,,,,,
452,92.5,Put,0.06,0.08,2017-06-16,AAPL US 06/16/17 P92.5 Equity,,,,,
453,95.0,Put,0.08,0.09,2017-06-16,AAPL US 06/16/17 P95 Equity,,,,,
454,97.5,Put,0.1,0.11,2017-06-16,AAPL US 06/16/17 P97.5 Equity,,,,,
455,100.0,Put,0.12,0.13,2017-06-16,AAPL US 06/16/17 P100 Equity,,,,,
456,105.0,Put,0.19,0.2,2017-06-16,AAPL US 06/16/17 P105 Equity,,,,,
457,110.0,Put,0.31,0.32,2017-06-16,AAPL US 06/16/17 P110 Equity,,,,,
458,115.0,Put,0.5,0.53,2017-06-16,AAPL US 06/16/17 P115 Equity,,,,,
459,120.0,Put,0.86,0.87,2017-06-16,AAPL US 06/16/17 P120 Equity,,,,,
460,125.0,Put,1.43,1.46,2017-06-16,AAPL US 06/16/17 P125 Equity,,,,,
461,130.0,Put,2.38,2.43,2017-06-16,AAPL US 06/16/17 P130 Equity,,,,,
462,135.0,Put,3.85,3.95,2017-06-16,AAPL US 06/16/17 P135 Equity,,,,,
463,140.0,Put,6.05,6.1,2017-06-16,AAPL US 06/16/17 P140 Equity,,,,,
464,145.0,Put,8.9,9.05,2017-06-16,AAPL US 06/16/17 P145 Equity,,,,,
465,150.0,Put,12.45,12.6,2017-06-16,AAPL US 06/16/17 P150 Equity,,,,,
466,155.0,Put,16.55,16.8,2017-06-16,AAPL US 06/16/17 P155 Equity,,,,,
467,160.0,Put,21.0,21.25,2017-06-16,AAPL US 06/16/17 P160 Equity,,,,,
468,165.0,Put,25.7,26.15,2017-06-16,AAPL US 06/16/17 P165 Equity,,,,,
469,170.0,Put,30.45,31.0,2017-06-16,AAPL US 06/16/17 P170 Equity,,,,,
470,175.0,Put,35.35,35.95,2017-06-16,AAPL US 06/16/17 P175 Equity,,,,,
471,180.0,Put,40.2,40.9,2017-06-16,AAPL US 06/16/17 P180 Equity,,,,,
472,185.0,Put,45.15,45.85,2017-06-16,AAPL US 06/16/17 P185 Equity,,,,,
473,190.0,Put,50.15,50.85,2017-06-16,AAPL US 06/16/17 P190 Equity,,,,,
474,195.0,Put,55.1,55.85,2017-06-16,AAPL US 06/16/17 P195 Equity,,,,,
475,200.0,Put,60.1,60.8,2017-06-16,AAPL US 06/16/17 P200 Equity,,,,,
476,205.0,Put,65.05,65.8,2017-06-16,AAPL US 06/16/17 P205 Equity,,,,,
477,210.0,Put,70.05,70.8,2017-06-16,AAPL US 06/16/17 P210 Equity,,,,,
478,215.0,Put,75.05,75.75,2017-06-16,AAPL US 06/16/17 P215 Equity,,,,,
479,220.0,Put,80.05,80.8,2017-06-16,AAPL US 06/16/17 P220 Equity,,,,,
480,225.0,Put,85.0,85.75,2017-06-16,AAPL US 06/16/17 P225 Equity,,,,,
481,230.0,Put,90.0,90.75,2017-06-16,AAPL US 06/16/17 P230 Equity,,,,,
482,235.0,Put,95.0,95.7,2017-06-16,AAPL US 06/16/17 P235 Equity,,,,,
483,240.0,Put,100.0,100.75,2017-06-16,AAPL US 06/16/17 P240 Equity,,,,,
484,245.0,Put,105.0,105.7,2017-06-16,AAPL US 06/16/17 P245 Equity,,,,,
485,250.0,Put,109.95,110.7,2017-06-16,AAPL US 06/16/17 P250 Equity,,,,,
486,255.0,Put,114.95,115.65,2017-06-16,AAPL US 06/16/17 P255 Equity,,,,,
487,260.0,Put,119.95,120.65,2017-06-16,AAPL US 06/16/17 P260 Equity,,,,,
488,265.0,Put,124.95,125.7,2017-06-16,AAPL US 06/16/17 P265 Equity,,,,,
489,270.0,Put,129.9,130.65,2017-06-16,AAPL US 06/16/17 P270 Equity,,,,,
490,25.0,Call,114.45,115.15,2017-07-21,AAPL US 07/21/17 C25 Equity,,,,,
491,30.0,Call,109.45,110.2,2017-07-21,AAPL US 07/21/17 C30 Equity,,,,,
492,35.0,Call,104.45,105.2,2017-07-21,AAPL US 07/21/17 C35 Equity,,,,,
493,40.0,Call,99.45,100.2,2017-07-21,AAPL US 07/21/17 C40 Equity,,,,,
494,45.0,Call,94.45,95.2,2017-07-21,AAPL US 07/21/17 C45 Equity,,,,,
495,50.0,Call,89.5,90.2,2017-07-21,AAPL US 07/21/17 C50 Equity,,,,,
496,55.0,Call,84.45,85.2,2017-07-21,AAPL US 07/21/17 C55 Equity,,,,,
497,60.0,Call,79.5,80.25,2017-07-21,AAPL US 07/21/17 C60 Equity,,,,,
498,65.0,Call,74.5,75.25,2017-07-21,AAPL US 07/21/17 C65 Equity,,,,,
499,70.0,Call,69.5,70.25,2017-07-21,AAPL US 07/21/17 C70 Equity,,,,,
500,75.0,Call,64.5,65.25,2017-07-21,AAPL US 07/21/17 C75 Equity,,,,,
501,80.0,Call,59.65,60.2,2017-07-21,AAPL US 07/21/17 C80 Equity,,,,,
502,85.0,Call,54.6,55.3,2017-07-21,AAPL US 07/21/17 C85 Equity,,,,,
503,90.0,Call,49.6,50.35,2017-07-21,AAPL US 07/21/17 C90 Equity,,,,,
504,95.0,Call,44.65,45.35,2017-07-21,AAPL US 07/21/17 C95 Equity,,,,,
505,100.0,Call,39.9,40.3,2017-07-21,AAPL US 07/21/17 C100 Equity,,,,,
506,105.0,Call,34.85,35.45,2017-07-21,AAPL US 07/21/17 C105 Equity,,,,,
507,110.0,Call,30.05,30.65,2017-07-21,AAPL US 07/21/17 C110 Equity,,,,,
508,115.0,Call,25.45,25.8,2017-07-21,AAPL US 07/21/17 C115 Equity,,,,,
509,120.0,Call,20.95,21.2,2017-07-21,AAPL US 07/21/17 C120 Equity,,,,,
510,125.0,Call,16.8,16.9,2017-07-21,AAPL US 07/21/17 C125 Equity,,,,,
511,130.0,Call,12.95,13.05,2017-07-21,AAPL US 07/21/17 C130 Equity,,,,,
512,135.0,Call,9.5,9.7,2017-07-21,AAPL US 07/21/17 C135 Equity,,,,,
513,140.0,Call,6.8,6.85,2017-07-21,AAPL US 07/21/17 C140 Equity,,,,,
514,145.0,Call,4.6,4.65,2017-07-21,AAPL US 07/21/17 C145 Equity,,,,,
515,150.0,Call,2.97,2.99,2017-07-21,AAPL US 07/21/17 C150 Equity,,,,,
516,155.0,Call,1.86,1.88,2017-07-21,AAPL US 07/21/17 C155 Equity,,,,,
517,160.0,Call,1.13,1.15,2017-07-21,AAPL US 07/21/17 C160 Equity,,,,,
518,165.0,Call,0.68,0.7,2017-07-21,AAPL US 07/21/17 C165 Equity,,,,,
519,170.0,Call,0.41,0.43,2017-07-21,AAPL US 07/21/17 C170 Equity,,,,,
520,175.0,Call,0.26,0.27,2017-07-21,AAPL US 07/21/17 C175 Equity,,,,,
521,180.0,Call,0.16,0.18,2017-07-21,AAPL US 07/21/17 C180 Equity,,,,,
522,185.0,Call,0.11,0.12,2017-07-21,AAPL US 07/21/17 C185 Equity,,,,,
523,190.0,Call,0.07,0.08,2017-07-21,AAPL US 07/21/17 C190 Equity,,,,,
524,195.0,Call,0.05,0.06,2017-07-21,AAPL US 07/21/17 C195 Equity,,,,,
525,200.0,Call,0.03,0.04,2017-07-21,AAPL US 07/21/17 C200 Equity,,,,,
526,205.0,Call,0.02,0.06,2017-07-21,AAPL US 07/21/17 C205 Equity,,,,,
527,210.0,Call,0.0,0.05,2017-07-21,AAPL US 07/21/17 C210 Equity,,,,,
528,215.0,Call,0.0,0.04,2017-07-21,AAPL US 07/21/17 C215 Equity,,,,,
529,220.0,Call,0.0,0.04,2017-07-21,AAPL US 07/21/17 C220 Equity,,,,,
530,225.0,Call,0.0,0.04,2017-07-21,AAPL US 07/21/17 C225 Equity,,,,,
531,230.0,Call,0.0,0.03,2017-07-21,AAPL US 07/21/17 C230 Equity,,,,,
532,25.0,Put,0.0,0.02,2017-07-21,AAPL US 07/21/17 P25 Equity,,,,,
533,30.0,Put,0.0,0.02,2017-07-21,AAPL US 07/21/17 P30 Equity,,,,,
534,35.0,Put,0.0,0.02,2017-07-21,AAPL US 07/21/17 P35 Equity,,,,,
535,40.0,Put,0.0,0.02,2017-07-21,AAPL US 07/21/17 P40 Equity,,,,,
536,45.0,Put,0.0,0.02,2017-07-21,AAPL US 07/21/17 P45 Equity,,,,,
537,50.0,Put,0.0,0.02,2017-07-21,AAPL US 07/21/17 P50 Equity,,,,,
538,55.0,Put,0.0,0.02,2017-07-21,AAPL US 07/21/17 P55 Equity,,,,,
539,60.0,Put,0.0,0.03,2017-07-21,AAPL US 07/21/17 P60 Equity,,,,,
540,65.0,Put,0.0,0.03,2017-07-21,AAPL US 07/21/17 P65 Equity,,,,,
541,70.0,Put,0.0,0.03,2017-07-21,AAPL US 07/21/17 P70 Equity,,,,,
542,75.0,Put,0.0,0.04,2017-07-21,AAPL US 07/21/17 P75 Equity,,,,,
543,80.0,Put,0.0,0.06,2017-07-21,AAPL US 07/21/17 P80 Equity,,,,,
544,85.0,Put,0.05,0.06,2017-07-21,AAPL US 07/21/17 P85 Equity,,,,,
545,90.0,Put,0.07,0.1,2017-07-21,AAPL US 07/21/17 P90 Equity,,,,,
546,95.0,Put,0.13,0.15,2017-07-21,AAPL US 07/21/17 P95 Equity,,,,,
547,100.0,Put,0.21,0.22,2017-07-21,AAPL US 07/21/17 P100 Equity,,,,,
548,105.0,Put,0.32,0.34,2017-07-21,AAPL US 07/21/17 P105 Equity,,,,,
549,110.0,Put,0.5,0.52,2017-07-21,AAPL US 07/21/17 P110 Equity,,,,,
550,115.0,Put,0.8,0.83,2017-07-21,AAPL US 07/21/17 P115 Equity,,,,,
551,120.0,Put,1.28,1.3,2017-07-21,AAPL US 07/21/17 P120 Equity,,,,,
552,125.0,Put,2.02,2.06,2017-07-21,AAPL US 07/21/17 P125 Equity,,,,,
553,130.0,Put,3.15,3.2,2017-07-21,AAPL US 07/21/17 P130 Equity,,,,,
554,135.0,Put,4.75,4.9,2017-07-21,AAPL US 07/21/17 P135 Equity,,,,,
555,140.0,Put,7.0,7.1,2017-07-21,AAPL US 07/21/17 P140 Equity,,,,,
556,145.0,Put,9.8,9.95,2017-07-21,AAPL US 07/21/17 P145 Equity,,,,,
557,150.0,Put,13.15,13.3,2017-07-21,AAPL US 07/21/17 P150 Equity,,,,,
558,155.0,Put,17.1,17.25,2017-07-21,AAPL US 07/21/17 P155 Equity,,,,,
559,160.0,Put,21.35,21.6,2017-07-21,AAPL US 07/21/17 P160 Equity,,,,,
560,165.0,Put,25.9,26.35,2017-07-21,AAPL US 07/21/17 P165 Equity,,,,,
561,170.0,Put,30.6,30.95,2017-07-21,AAPL US 07/21/17 P170 Equity,,,,,
562,175.0,Put,35.4,36.0,2017-07-21,AAPL US 07/21/17 P175 Equity,,,,,
563,180.0,Put,40.25,40.95,2017-07-21,AAPL US 07/21/17 P180 Equity,,,,,
564,185.0,Put,45.2,45.9,2017-07-21,AAPL US 07/21/17 P185 Equity,,,,,
565,190.0,Put,50.15,50.85,2017-07-21,AAPL US 07/21/17 P190 Equity,,,,,
566,195.0,Put,55.1,55.85,2017-07-21,AAPL US 07/21/17 P195 Equity,,,,,
567,200.0,Put,60.1,60.85,2017-07-21,AAPL US 07/21/17 P200 Equity,,,,,
568,205.0,Put,65.1,65.85,2017-07-21,AAPL US 07/21/17 P205 Equity,,,,,
569,210.0,Put,70.05,70.8,2017-07-21,AAPL US 07/21/17 P210 Equity,,,,,
570,215.0,Put,75.05,75.8,2017-07-21,AAPL US 07/21/17 P215 Equity,,,,,
571,220.0,Put,80.05,80.75,2017-07-21,AAPL US 07/21/17 P220 Equity,,,,,
572,225.0,Put,85.0,85.75,2017-07-21,AAPL US 07/21/17 P225 Equity,,,,,
573,230.0,Put,90.0,90.75,2017-07-21,AAPL US 07/21/17 P230 Equity,,,,,
574,80.0,Call,59.55,60.3,2017-08-18,AAPL US 08/18/17 C80 Equity,,,,,
575,85.0,Call,54.55,55.35,2017-08-18,AAPL US 08/18/17 C85 Equity,,,,,
576,90.0,Call,49.65,50.35,2017-08-18,AAPL US 08/18/17 C90 Equity,,,,,
577,95.0,Call,44.75,45.45,2017-08-18,AAPL US 08/18/17 C95 Equity,,,,,
578,100.0,Call,39.85,40.45,2017-08-18,AAPL US 08/18/17 C100 Equity,,,,,
579,105.0,Call,35.0,35.7,2017-08-18,AAPL US 08/18/17 C105 Equity,,,,,
580,110.0,Call,30.35,30.9,2017-08-18,AAPL US 08/18/17 C110 Equity,,,,,
581,115.0,Call,25.85,26.2,2017-08-18,AAPL US 08/18/17 C115 Equity,,,,,
582,120.0,Call,21.5,21.85,2017-08-18,AAPL US 08/18/17 C120 Equity,,,,,
583,125.0,Call,17.55,17.75,2017-08-18,AAPL US 08/18/17 C125 Equity,,,,,
584,130.0,Call,13.85,14.05,2017-08-18,AAPL US 08/18/17 C130 Equity,,,,,
585,135.0,Call,10.6,10.8,2017-08-18,AAPL US 08/18/17 C135 Equity,,,,,
586,140.0,Call,7.9,8.05,2017-08-18,AAPL US 08/18/17 C140 Equity,,,,,
587,145.0,Call,5.65,5.8,2017-08-18,AAPL US 08/18/17 C145 Equity,,,,,
588,150.0,Call,3.95,4.1,2017-08-18,AAPL US 08/18/17 C150 Equity,,,,,
589,155.0,Call,2.7,2.76,2017-08-18,AAPL US 08/18/17 C155 Equity,,,,,
590,160.0,Call,1.78,1.82,2017-08-18,AAPL US 08/18/17 C160 Equity,,,,,
591,165.0,Call,1.16,1.18,2017-08-18,AAPL US 08/18/17 C165 Equity,,,,,
592,170.0,Call,0.74,0.77,2017-08-18,AAPL US 08/18/17 C170 Equity,,,,,
593,175.0,Call,0.47,0.5,2017-08-18,AAPL US 08/18/17 C175 Equity,,,,,
594,180.0,Call,0.3,0.32,2017-08-18,AAPL US 08/18/17 C180 Equity,,,,,
595,185.0,Call,0.19,0.21,2017-08-18,AAPL US 08/18/17 C185 Equity,,,,,
596,190.0,Call,0.12,0.14,2017-08-18,AAPL US 08/18/17 C190 Equity,,,,,
597,195.0,Call,0.08,0.1,2017-08-18,AAPL US 08/18/17 C195 Equity,,,,,
598,200.0,Call,0.05,0.07,2017-08-18,AAPL US 08/18/17 C200 Equity,,,,,
599,80.0,Put,0.05,0.07,2017-08-18,AAPL US 08/18/17 P80 Equity,,,,,
600,85.0,Put,0.09,0.11,2017-08-18,AAPL US 08/18/17 P85 Equity,,,,,
601,90.0,Put,0.15,0.17,2017-08-18,AAPL US 08/18/17 P90 Equity,,,,,
602,95.0,Put,0.24,0.26,2017-08-18,AAPL US 08/18/17 P95 Equity,,,,,
603,100.0,Put,0.37,0.39,2017-08-18,AAPL US 08/18/17 P100 Equity,,,,,
604,105.0,Put,0.57,0.6,2017-08-18,AAPL US 08/18/17 P105 Equity,,,,,
605,110.0,Put,0.87,0.91,2017-08-18,AAPL US 08/18/17 P110 Equity,,,,,
606,115.0,Put,1.34,1.38,2017-08-18,AAPL US 08/18/17 P115 Equity,,,,,
607,120.0,Put,2.02,2.07,2017-08-18,AAPL US 08/18/17 P120 Equity,,,,,
608,125.0,Put,3.0,3.1,2017-08-18,AAPL US 08/18/17 P125 Equity,,,,,
609,130.0,Put,4.35,4.45,2017-08-18,AAPL US 08/18/17 P130 Equity,,,,,
610,135.0,Put,6.1,6.25,2017-08-18,AAPL US 08/18/17 P135 Equity,,,,,
611,140.0,Put,8.4,8.55,2017-08-18,AAPL US 08/18/17 P140 Equity,,,,,
612,145.0,Put,11.2,11.35,2017-08-18,AAPL US 08/18/17 P145 Equity,,,,,
613,150.0,Put,14.45,14.65,2017-08-18,AAPL US 08/18/17 P150 Equity,,,,,
614,155.0,Put,18.15,18.35,2017-08-18,AAPL US 08/18/17 P155 Equity,,,,,
615,160.0,Put,22.15,22.55,2017-08-18,AAPL US 08/18/17 P160 Equity,,,,,
616,165.0,Put,26.55,26.95,2017-08-18,AAPL US 08/18/17 P165 Equity,,,,,
617,170.0,Put,31.05,31.55,2017-08-18,AAPL US 08/18/17 P170 Equity,,,,,
618,175.0,Put,35.75,36.3,2017-08-18,AAPL US 08/18/17 P175 Equity,,,,,
619,180.0,Put,40.55,41.15,2017-08-18,AAPL US 08/18/17 P180 Equity,,,,,
620,185.0,Put,45.4,46.0,2017-08-18,AAPL US 08/18/17 P185 Equity,,,,,
621,190.0,Put,50.3,50.95,2017-08-18,AAPL US 08/18/17 P190 Equity,,,,,
622,195.0,Put,55.2,55.95,2017-08-18,AAPL US 08/18/17 P195 Equity,,,,,
623,200.0,Put,60.15,60.9,2017-08-18,AAPL US 08/18/17 P200 Equity,,,,,
624,25.0,Call,114.4,115.15,2017-10-20,AAPL US 10/20/17 C25 Equity,,,,,
625,30.0,Call,109.45,110.15,2017-10-20,AAPL US 10/20/17 C30 Equity,,,,,
626,35.0,Call,104.45,105.2,2017-10-20,AAPL US 10/20/17 C35 Equity,,,,,
627,40.0,Call,99.45,100.2,2017-10-20,AAPL US 10/20/17 C40 Equity,,,,,
628,45.0,Call,94.5,95.2,2017-10-20,AAPL US 10/20/17 C45 Equity,,,,,
629,50.0,Call,89.5,90.25,2017-10-20,AAPL US 10/20/17 C50 Equity,,,,,
630,55.0,Call,84.5,85.25,2017-10-20,AAPL US 10/20/17 C55 Equity,,,,,
631,60.0,Call,79.5,80.25,2017-10-20,AAPL US 10/20/17 C60 Equity,,,,,
632,65.0,Call,74.5,75.25,2017-10-20,AAPL US 10/20/17 C65 Equity,,,,,
633,70.0,Call,69.55,70.3,2017-10-20,AAPL US 10/20/17 C70 Equity,,,,,
634,75.0,Call,64.55,65.3,2017-10-20,AAPL US 10/20/17 C75 Equity,,,,,
635,80.0,Call,59.6,60.3,2017-10-20,AAPL US 10/20/17 C80 Equity,,,,,
636,85.0,Call,54.65,55.35,2017-10-20,AAPL US 10/20/17 C85 Equity,,,,,
637,90.0,Call,49.7,50.35,2017-10-20,AAPL US 10/20/17 C90 Equity,,,,,
638,95.0,Call,44.9,45.5,2017-10-20,AAPL US 10/20/17 C95 Equity,,,,,
639,100.0,Call,40.05,40.65,2017-10-20,AAPL US 10/20/17 C100 Equity,,,,,
640,105.0,Call,35.35,36.0,2017-10-20,AAPL US 10/20/17 C105 Equity,,,,,
641,110.0,Call,30.85,31.3,2017-10-20,AAPL US 10/20/17 C110 Equity,,,,,
642,115.0,Call,26.5,26.95,2017-10-20,AAPL US 10/20/17 C115 Equity,,,,,
643,120.0,Call,22.45,22.8,2017-10-20,AAPL US 10/20/17 C120 Equity,,,,,
644,125.0,Call,18.7,18.95,2017-10-20,AAPL US 10/20/17 C125 Equity,,,,,
645,130.0,Call,15.3,15.5,2017-10-20,AAPL US 10/20/17 C130 Equity,,,,,
646,135.0,Call,12.25,12.4,2017-10-20,AAPL US 10/20/17 C135 Equity,,,,,
647,140.0,Call,9.6,9.7,2017-10-20,AAPL US 10/20/17 C140 Equity,,,,,
648,145.0,Call,7.25,7.45,2017-10-20,AAPL US 10/20/17 C145 Equity,,,,,
649,150.0,Call,5.4,5.55,2017-10-20,AAPL US 10/20/17 C150 Equity,,,,,
650,155.0,Call,3.9,4.0,2017-10-20,AAPL US 10/20/17 C155 Equity,,,,,
651,160.0,Call,2.81,2.86,2017-10-20,AAPL US 10/20/17 C160 Equity,,,,,
652,165.0,Call,1.96,2.01,2017-10-20,AAPL US 10/20/17 C165 Equity,,,,,
653,170.0,Call,1.36,1.38,2017-10-20,AAPL US 10/20/17 C170 Equity,,,,,
654,175.0,Call,0.94,0.97,2017-10-20,AAPL US 10/20/17 C175 Equity,,,,,
655,180.0,Call,0.66,0.7,2017-10-20,AAPL US 10/20/17 C180 Equity,,,,,
656,185.0,Call,0.46,0.5,2017-10-20,AAPL US 10/20/17 C185 Equity,,,,,
657,190.0,Call,0.32,0.36,2017-10-20,AAPL US 10/20/17 C190 Equity,,,,,
658,195.0,Call,0.23,0.27,2017-10-20,AAPL US 10/20/17 C195 Equity,,,,,
659,200.0,Call,0.17,0.2,2017-10-20,AAPL US 10/20/17 C200 Equity,,,,,
660,205.0,Call,0.12,0.15,2017-10-20,AAPL US 10/20/17 C205 Equity,,,,,
661,210.0,Call,0.1,0.12,2017-10-20,AAPL US 10/20/17 C210 Equity,,,,,
662,215.0,Call,0.07,0.09,2017-10-20,AAPL US 10/20/17 C215 Equity,,,,,
663,220.0,Call,0.05,0.07,2017-10-20,AAPL US 10/20/17 C220 Equity,,,,,
664,225.0,Call,0.04,0.06,2017-10-20,AAPL US 10/20/17 C225 Equity,,,,,
665,230.0,Call,0.0,0.05,2017-10-20,AAPL US 10/20/17 C230 Equity,,,,,
666,240.0,Call,0.0,0.04,2017-10-20,AAPL US 10/20/17 C240 Equity,,,,,
667,250.0,Call,0.0,0.03,2017-10-20,AAPL US 10/20/17 C250 Equity,,,,,
668,260.0,Call,0.0,0.03,2017-10-20,AAPL US 10/20/17 C260 Equity,,,,,
669,270.0,Call,0.0,0.03,2017-10-20,AAPL US 10/20/17 C270 Equity,,,,,
670,25.0,Put,0.0,0.02,2017-10-20,AAPL US 10/20/17 P25 Equity,,,,,
671,30.0,Put,0.0,0.02,2017-10-20,AAPL US 10/20/17 P30 Equity,,,,,
672,35.0,Put,0.0,0.02,2017-10-20,AAPL US 10/20/17 P35 Equity,,,,,
673,40.0,Put,0.0,0.02,2017-10-20,AAPL US 10/20/17 P40 Equity,,,,,
674,45.0,Put,0.0,0.03,2017-10-20,AAPL US 10/20/17 P45 Equity,,,,,
675,50.0,Put,0.0,0.03,2017-10-20,AAPL US 10/20/17 P50 Equity,,,,,
676,55.0,Put,0.0,0.03,2017-10-20,AAPL US 10/20/17 P55 Equity,,,,,
677,60.0,Put,0.0,0.04,2017-10-20,AAPL US 10/20/17 P60 Equity,,,,,
678,65.0,Put,0.0,0.05,2017-10-20,AAPL US 10/20/17 P65 Equity,,,,,
679,70.0,Put,0.05,0.07,2017-10-20,AAPL US 10/20/17 P70 Equity,,,,,
680,75.0,Put,0.08,0.11,2017-10-20,AAPL US 10/20/17 P75 Equity,,,,,
681,80.0,Put,0.14,0.17,2017-10-20,AAPL US 10/20/17 P80 Equity,,,,,
682,85.0,Put,0.21,0.25,2017-10-20,AAPL US 10/20/17 P85 Equity,,,,,
683,90.0,Put,0.33,0.36,2017-10-20,AAPL US 10/20/17 P90 Equity,,,,,
684,95.0,Put,0.49,0.51,2017-10-20,AAPL US 10/20/17 P95 Equity,,,,,
685,100.0,Put,0.72,0.73,2017-10-20,AAPL US 10/20/17 P100 Equity,,,,,
686,105.0,Put,1.04,1.07,2017-10-20,AAPL US 10/20/17 P105 Equity,,,,,
687,110.0,Put,1.5,1.53,2017-10-20,AAPL US 10/20/17 P110 Equity,,,,,
688,115.0,Put,2.14,2.18,2017-10-20,AAPL US 10/20/17 P115 Equity,,,,,
689,120.0,Put,3.0,3.1,2017-10-20,AAPL US 10/20/17 P120 Equity,,,,,
690,125.0,Put,4.2,4.3,2017-10-20,AAPL US 10/20/17 P125 Equity,,,,,
691,130.0,Put,5.7,5.8,2017-10-20,AAPL US 10/20/17 P130 Equity,,,,,
692,135.0,Put,7.6,7.75,2017-10-20,AAPL US 10/20/17 P135 Equity,,,,,
693,140.0,Put,9.9,10.05,2017-10-20,AAPL US 10/20/17 P140 Equity,,,,,
694,145.0,Put,12.6,12.75,2017-10-20,AAPL US 10/20/17 P145 Equity,,,,,
695,150.0,Put,15.75,15.9,2017-10-20,AAPL US 10/20/17 P150 Equity,,,,,
696,155.0,Put,19.25,19.45,2017-10-20,AAPL US 10/20/17 P155 Equity,,,,,
697,160.0,Put,23.1,23.4,2017-10-20,AAPL US 10/20/17 P160 Equity,,,,,
698,165.0,Put,27.1,27.65,2017-10-20,AAPL US 10/20/17 P165 Equity,,,,,
699,170.0,Put,31.5,32.05,2017-10-20,AAPL US 10/20/17 P170 Equity,,,,,
700,175.0,Put,36.05,36.65,2017-10-20,AAPL US 10/20/17 P175 Equity,,,,,
701,180.0,Put,40.75,41.35,2017-10-20,AAPL US 10/20/17 P180 Equity,,,,,
702,185.0,Put,45.5,46.2,2017-10-20,AAPL US 10/20/17 P185 Equity,,,,,
703,190.0,Put,50.35,51.1,2017-10-20,AAPL US 10/20/17 P190 Equity,,,,,
704,195.0,Put,55.25,56.0,2017-10-20,AAPL US 10/20/17 P195 Equity,,,,,
705,200.0,Put,60.3,60.85,2017-10-20,AAPL US 10/20/17 P200 Equity,,,,,
706,205.0,Put,65.15,65.9,2017-10-20,AAPL US 10/20/17 P205 Equity,,,,,
707,210.0,Put,70.1,70.8,2017-10-20,AAPL US 10/20/17 P210 Equity,,,,,
708,215.0,Put,75.05,75.8,2017-10-20,AAPL US 10/20/17 P215 Equity,,,,,
709,220.0,Put,80.05,80.75,2017-10-20,AAPL US 10/20/17 P220 Equity,,,,,
710,225.0,Put,85.05,85.75,2017-10-20,AAPL US 10/20/17 P225 Equity,,,,,
711,230.0,Put,90.0,90.75,2017-10-20,AAPL US 10/20/17 P230 Equity,,,,,
712,240.0,Put,99.95,100.75,2017-10-20,AAPL US 10/20/17 P240 Equity,,,,,
713,250.0,Put,109.95,110.7,2017-10-20,AAPL US 10/20/17 P250 Equity,,,,,
714,260.0,Put,119.9,120.7,2017-10-20,AAPL US 10/20/17 P260 Equity,,,,,
715,270.0,Put,129.9,130.65,2017-10-20,AAPL US 10/20/17 P270 Equity,,,,,
716,47.5,Call,92.0,92.75,2017-11-17,AAPL US 11/17/17 C47.5 Equity,,,,,
717,50.0,Call,89.5,90.2,2017-11-17,AAPL US 11/17/17 C50 Equity,,,,,
718,55.0,Call,84.5,85.25,2017-11-17,AAPL US 11/17/17 C55 Equity,,,,,
719,60.0,Call,79.5,80.25,2017-11-17,AAPL US 11/17/17 C60 Equity,,,,,
720,65.0,Call,74.55,75.25,2017-11-17,AAPL US 11/17/17 C65 Equity,,,,,
721,70.0,Call,69.5,70.25,2017-11-17,AAPL US 11/17/17 C70 Equity,,,,,
722,75.0,Call,64.55,65.3,2017-11-17,AAPL US 11/17/17 C75 Equity,,,,,
723,80.0,Call,59.6,60.35,2017-11-17,AAPL US 11/17/17 C80 Equity,,,,,
724,85.0,Call,54.65,55.35,2017-11-17,AAPL US 11/17/17 C85 Equity,,,,,
725,90.0,Call,49.8,50.45,2017-11-17,AAPL US 11/17/17 C90 Equity,,,,,
726,92.5,Call,47.4,48.0,2017-11-17,AAPL US 11/17/17 C92.5 Equity,,,,,
727,95.0,Call,45.0,45.6,2017-11-17,AAPL US 11/17/17 C95 Equity,,,,,
728,97.5,Call,42.55,43.2,2017-11-17,AAPL US 11/17/17 C97.5 Equity,,,,,
729,100.0,Call,40.25,40.8,2017-11-17,AAPL US 11/17/17 C100 Equity,,,,,
730,105.0,Call,35.7,36.15,2017-11-17,AAPL US 11/17/17 C105 Equity,,,,,
731,110.0,Call,31.25,31.7,2017-11-17,AAPL US 11/17/17 C110 Equity,,,,,
732,115.0,Call,27.05,27.45,2017-11-17,AAPL US 11/17/17 C115 Equity,,,,,
733,120.0,Call,23.1,23.35,2017-11-17,AAPL US 11/17/17 C120 Equity,,,,,
734,125.0,Call,19.45,19.7,2017-11-17,AAPL US 11/17/17 C125 Equity,,,,,
735,130.0,Call,16.1,16.3,2017-11-17,AAPL US 11/17/17 C130 Equity,,,,,
736,135.0,Call,13.15,13.3,2017-11-17,AAPL US 11/17/17 C135 Equity,,,,,
737,140.0,Call,10.5,10.65,2017-11-17,AAPL US 11/17/17 C140 Equity,,,,,
738,145.0,Call,8.25,8.35,2017-11-17,AAPL US 11/17/17 C145 Equity,,,,,
739,150.0,Call,6.3,6.45,2017-11-17,AAPL US 11/17/17 C150 Equity,,,,,
740,155.0,Call,4.75,4.85,2017-11-17,AAPL US 11/17/17 C155 Equity,,,,,
741,160.0,Call,3.5,3.6,2017-11-17,AAPL US 11/17/17 C160 Equity,,,,,
742,165.0,Call,2.56,2.63,2017-11-17,AAPL US 11/17/17 C165 Equity,,,,,
743,170.0,Call,1.85,1.9,2017-11-17,AAPL US 11/17/17 C170 Equity,,,,,
744,175.0,Call,1.34,1.37,2017-11-17,AAPL US 11/17/17 C175 Equity,,,,,
745,180.0,Call,0.96,0.99,2017-11-17,AAPL US 11/17/17 C180 Equity,,,,,
746,185.0,Call,0.7,0.72,2017-11-17,AAPL US 11/17/17 C185 Equity,,,,,
747,190.0,Call,0.51,0.54,2017-11-17,AAPL US 11/17/17 C190 Equity,,,,,
748,195.0,Call,0.38,0.41,2017-11-17,AAPL US 11/17/17 C195 Equity,,,,,
749,200.0,Call,0.28,0.31,2017-11-17,AAPL US 11/17/17 C200 Equity,,,,,
750,47.5,Put,0.0,0.03,2017-11-17,AAPL US 11/17/17 P47.5 Equity,,,,,
751,50.0,Put,0.0,0.03,2017-11-17,AAPL US 11/17/17 P50 Equity,,,,,
752,55.0,Put,0.0,0.04,2017-11-17,AAPL US 11/17/17 P55 Equity,,,,,
753,60.0,Put,0.0,0.05,2017-11-17,AAPL US 11/17/17 P60 Equity,,,,,
754,65.0,Put,0.05,0.07,2017-11-17,AAPL US 11/17/17 P65 Equity,,,,,
755,70.0,Put,0.08,0.1,2017-11-17,AAPL US 11/17/17 P70 Equity,,,,,
756,75.0,Put,0.13,0.16,2017-11-17,AAPL US 11/17/17 P75 Equity,,,,,
757,80.0,Put,0.21,0.25,2017-11-17,AAPL US 11/17/17 P80 Equity,,,,,
758,85.0,Put,0.33,0.35,2017-11-17,AAPL US 11/17/17 P85 Equity,,,,,
759,90.0,Put,0.49,0.51,2017-11-17,AAPL US 11/17/17 P90 Equity,,,,,
760,92.5,Put,0.59,0.62,2017-11-17,AAPL US 11/17/17 P92.5 Equity,,,,,
761,95.0,Put,0.71,0.74,2017-11-17,AAPL US 11/17/17 P95 Equity,,,,,
762,97.5,Put,0.85,0.88,2017-11-17,AAPL US 11/17/17 P97.5 Equity,,,,,
763,100.0,Put,1.02,1.05,2017-11-17,AAPL US 11/17/17 P100 Equity,,,,,
764,105.0,Put,1.44,1.47,2017-11-17,AAPL US 11/17/17 P105 Equity,,,,,
765,110.0,Put,1.99,2.05,2017-11-17,AAPL US 11/17/17 P110 Equity,,,,,
766,115.0,Put,2.77,2.82,2017-11-17,AAPL US 11/17/17 P115 Equity,,,,,
767,120.0,Put,3.75,3.85,2017-11-17,AAPL US 11/17/17 P120 Equity,,,,,
768,125.0,Put,5.05,5.2,2017-11-17,AAPL US 11/17/17 P125 Equity,,,,,
769,130.0,Put,6.7,6.85,2017-11-17,AAPL US 11/17/17 P130 Equity,,,,,
770,135.0,Put,8.7,8.85,2017-11-17,AAPL US 11/17/17 P135 Equity,,,,,
771,140.0,Put,11.05,11.15,2017-11-17,AAPL US 11/17/17 P140 Equity,,,,,
772,145.0,Put,13.75,13.9,2017-11-17,AAPL US 11/17/17 P145 Equity,,,,,
773,150.0,Put,16.8,16.9,2017-11-17,AAPL US 11/17/17 P150 Equity,,,,,
774,155.0,Put,20.2,20.4,2017-11-17,AAPL US 11/17/17 P155 Equity,,,,,
775,160.0,Put,23.95,24.15,2017-11-17,AAPL US 11/17/17 P160 Equity,,,,,
776,165.0,Put,27.95,28.3,2017-11-17,AAPL US 11/17/17 P165 Equity,,,,,
777,170.0,Put,32.15,32.55,2017-11-17,AAPL US 11/17/17 P170 Equity,,,,,
778,175.0,Put,36.65,37.05,2017-11-17,AAPL US 11/17/17 P175 Equity,,,,,
779,180.0,Put,41.15,41.7,2017-11-17,AAPL US 11/17/17 P180 Equity,,,,,
780,185.0,Put,45.85,46.4,2017-11-17,AAPL US 11/17/17 P185 Equity,,,,,
781,190.0,Put,50.55,51.25,2017-11-17,AAPL US 11/17/17 P190 Equity,,,,,
782,195.0,Put,55.4,56.1,2017-11-17,AAPL US 11/17/17 P195 Equity,,,,,
783,200.0,Put,60.35,60.95,2017-11-17,AAPL US 11/17/17 P200 Equity,,,,,
784,80.0,Call,59.65,60.35,2017-12-15,AAPL US 12/15/17 C80 Equity,,,,,
785,85.0,Call,54.7,55.4,2017-12-15,AAPL US 12/15/17 C85 Equity,,,,,
786,90.0,Call,49.85,50.5,2017-12-15,AAPL US 12/15/17 C90 Equity,,,,,
787,95.0,Call,45.05,45.7,2017-12-15,AAPL US 12/15/17 C95 Equity,,,,,
788,100.0,Call,40.4,41.0,2017-12-15,AAPL US 12/15/17 C100 Equity,,,,,
789,105.0,Call,35.85,36.4,2017-12-15,AAPL US 12/15/17 C105 Equity,,,,,
790,110.0,Call,31.55,31.95,2017-12-15,AAPL US 12/15/17 C110 Equity,,,,,
791,115.0,Call,27.35,27.75,2017-12-15,AAPL US 12/15/17 C115 Equity,,,,,
792,120.0,Call,23.45,23.8,2017-12-15,AAPL US 12/15/17 C120 Equity,,,,,
793,125.0,Call,19.85,20.15,2017-12-15,AAPL US 12/15/17 C125 Equity,,,,,
794,130.0,Call,16.6,16.8,2017-12-15,AAPL US 12/15/17 C130 Equity,,,,,
795,135.0,Call,13.6,13.85,2017-12-15,AAPL US 12/15/17 C135 Equity,,,,,
796,140.0,Call,11.0,11.2,2017-12-15,AAPL US 12/15/17 C140 Equity,,,,,
797,145.0,Call,8.75,8.9,2017-12-15,AAPL US 12/15/17 C145 Equity,,,,,
798,150.0,Call,6.8,6.95,2017-12-15,AAPL US 12/15/17 C150 Equity,,,,,
799,155.0,Call,5.2,5.35,2017-12-15,AAPL US 12/15/17 C155 Equity,,,,,
800,160.0,Call,3.9,4.05,2017-12-15,AAPL US 12/15/17 C160 Equity,,,,,
801,165.0,Call,2.9,3.0,2017-12-15,AAPL US 12/15/17 C165 Equity,,,,,
802,170.0,Call,2.12,2.22,2017-12-15,AAPL US 12/15/17 C170 Equity,,,,,
803,175.0,Call,1.54,1.64,2017-12-15,AAPL US 12/15/17 C175 Equity,,,,,
804,180.0,Call,1.11,1.22,2017-12-15,AAPL US 12/15/17 C180 Equity,,,,,
805,185.0,Call,0.81,0.9,2017-12-15,AAPL US 12/15/17 C185 Equity,,,,,
806,190.0,Call,0.58,0.68,2017-12-15,AAPL US 12/15/17 C190 Equity,,,,,
807,195.0,Call,0.42,0.51,2017-12-15,AAPL US 12/15/17 C195 Equity,,,,,
808,200.0,Call,0.31,0.39,2017-12-15,AAPL US 12/15/17 C200 Equity,,,,,
809,80.0,Put,0.24,0.33,2017-12-15,AAPL US 12/15/17 P80 Equity,,,,,
810,85.0,Put,0.37,0.46,2017-12-15,AAPL US 12/15/17 P85 Equity,,,,,
811,90.0,Put,0.55,0.65,2017-12-15,AAPL US 12/15/17 P90 Equity,,,,,
812,95.0,Put,0.81,0.91,2017-12-15,AAPL US 12/15/17 P95 Equity,,,,,
813,100.0,Put,1.17,1.27,2017-12-15,AAPL US 12/15/17 P100 Equity,,,,,
814,105.0,Put,1.65,1.74,2017-12-15,AAPL US 12/15/17 P105 Equity,,,,,
815,110.0,Put,2.28,2.38,2017-12-15,AAPL US 12/15/17 P110 Equity,,,,,
816,115.0,Put,3.1,3.25,2017-12-15,AAPL US 12/15/17 P115 Equity,,,,,
817,120.0,Put,4.2,4.3,2017-12-15,AAPL US 12/15/17 P120 Equity,,,,,
818,125.0,Put,5.55,5.65,2017-12-15,AAPL US 12/15/17 P125 Equity,,,,,
819,130.0,Put,7.2,7.35,2017-12-15,AAPL US 12/15/17 P130 Equity,,,,,
820,135.0,Put,9.2,9.35,2017-12-15,AAPL US 12/15/17 P135 Equity,,,,,
821,140.0,Put,11.55,11.7,2017-12-15,AAPL US 12/15/17 P140 Equity,,,,,
822,145.0,Put,14.25,14.4,2017-12-15,AAPL US 12/15/17 P145 Equity,,,,,
823,150.0,Put,17.3,17.5,2017-12-15,AAPL US 12/15/17 P150 Equity,,,,,
824,155.0,Put,20.65,20.9,2017-12-15,AAPL US 12/15/17 P155 Equity,,,,,
825,160.0,Put,24.35,24.6,2017-12-15,AAPL US 12/15/17 P160 Equity,,,,,
826,165.0,Put,28.3,28.6,2017-12-15,AAPL US 12/15/17 P165 Equity,,,,,
827,170.0,Put,32.45,32.8,2017-12-15,AAPL US 12/15/17 P170 Equity,,,,,
828,175.0,Put,36.8,37.25,2017-12-15,AAPL US 12/15/17 P175 Equity,,,,,
829,180.0,Put,41.3,41.85,2017-12-15,AAPL US 12/15/17 P180 Equity,,,,,
830,185.0,Put,46.0,46.5,2017-12-15,AAPL US 12/15/17 P185 Equity,,,,,
831,190.0,Put,50.75,51.3,2017-12-15,AAPL US 12/15/17 P190 Equity,,,,,
832,195.0,Put,55.45,56.15,2017-12-15,AAPL US 12/15/17 P195 Equity,,,,,
833,200.0,Put,60.4,61.0,2017-12-15,AAPL US 12/15/17 P200 Equity,,,,,
834,42.5,Call,96.7,97.9,2018-01-19,AAPL US 01/19/18 C42.5 Equity,,,,,
835,47.5,Call,91.7,92.95,2018-01-19,AAPL US 01/19/18 C47.5 Equity,,,,,
836,50.0,Call,89.5,90.5,2018-01-19,AAPL US 01/19/18 C50 Equity,,,,,
837,55.0,Call,84.3,85.5,2018-01-19,AAPL US 01/19/18 C55 Equity,,,,,
838,60.0,Call,79.25,80.45,2018-01-19,AAPL US 01/19/18 C60 Equity,,,,,
839,65.0,Call,74.3,75.55,2018-01-19,AAPL US 01/19/18 C65 Equity,,,,,
840,70.0,Call,69.3,70.5,2018-01-19,AAPL US 01/19/18 C70 Equity,,,,,
841,75.0,Call,64.4,65.6,2018-01-19,AAPL US 01/19/18 C75 Equity,,,,,
842,80.0,Call,59.75,60.25,2018-01-19,AAPL US 01/19/18 C80 Equity,,,,,
843,82.5,Call,57.0,58.2,2018-01-19,AAPL US 01/19/18 C82.5 Equity,,,,,
844,85.0,Call,54.9,55.25,2018-01-19,AAPL US 01/19/18 C85 Equity,,,,,
845,87.5,Call,52.1,53.25,2018-01-19,AAPL US 01/19/18 C87.5 Equity,,,,,
846,90.0,Call,50.0,50.35,2018-01-19,AAPL US 01/19/18 C90 Equity,,,,,
847,92.5,Call,47.55,48.45,2018-01-19,AAPL US 01/19/18 C92.5 Equity,,,,,
848,95.0,Call,45.05,45.75,2018-01-19,AAPL US 01/19/18 C95 Equity,,,,,
849,97.5,Call,42.7,43.5,2018-01-19,AAPL US 01/19/18 C97.5 Equity,,,,,
850,100.0,Call,40.55,41.0,2018-01-19,AAPL US 01/19/18 C100 Equity,,,,,
851,105.0,Call,36.2,36.6,2018-01-19,AAPL US 01/19/18 C105 Equity,,,,,
852,110.0,Call,31.85,32.6,2018-01-19,AAPL US 01/19/18 C110 Equity,,,,,
853,115.0,Call,27.95,28.15,2018-01-19,AAPL US 01/19/18 C115 Equity,,,,,
854,120.0,Call,24.1,24.3,2018-01-19,AAPL US 01/19/18 C120 Equity,,,,,
855,125.0,Call,20.55,20.75,2018-01-19,AAPL US 01/19/18 C125 Equity,,,,,
856,130.0,Call,17.3,17.5,2018-01-19,AAPL US 01/19/18 C130 Equity,,,,,
857,135.0,Call,14.4,14.55,2018-01-19,AAPL US 01/19/18 C135 Equity,,,,,
858,140.0,Call,11.75,11.9,2018-01-19,AAPL US 01/19/18 C140 Equity,,,,,
859,145.0,Call,9.45,9.6,2018-01-19,AAPL US 01/19/18 C145 Equity,,,,,
860,150.0,Call,7.5,7.65,2018-01-19,AAPL US 01/19/18 C150 Equity,,,,,
861,155.0,Call,5.85,6.0,2018-01-19,AAPL US 01/19/18 C155 Equity,,,,,
862,160.0,Call,4.5,4.65,2018-01-19,AAPL US 01/19/18 C160 Equity,,,,,
863,165.0,Call,3.45,3.55,2018-01-19,AAPL US 01/19/18 C165 Equity,,,,,
864,170.0,Call,2.58,2.64,2018-01-19,AAPL US 01/19/18 C170 Equity,,,,,
865,175.0,Call,1.92,1.99,2018-01-19,AAPL US 01/19/18 C175 Equity,,,,,
866,180.0,Call,1.42,1.48,2018-01-19,AAPL US 01/19/18 C180 Equity,,,,,
867,185.0,Call,1.05,1.11,2018-01-19,AAPL US 01/19/18 C185 Equity,,,,,
868,190.0,Call,0.78,0.83,2018-01-19,AAPL US 01/19/18 C190 Equity,,,,,
869,195.0,Call,0.6,0.63,2018-01-19,AAPL US 01/19/18 C195 Equity,,,,,
870,200.0,Call,0.46,0.48,2018-01-19,AAPL US 01/19/18 C200 Equity,,,,,
871,42.5,Put,0.01,0.05,2018-01-19,AAPL US 01/19/18 P42.5 Equity,,,,,
872,47.5,Put,0.02,0.05,2018-01-19,AAPL US 01/19/18 P47.5 Equity,,,,,
873,50.0,Put,0.04,0.05,2018-01-19,AAPL US 01/19/18 P50 Equity,,,,,
874,55.0,Put,0.05,0.08,2018-01-19,AAPL US 01/19/18 P55 Equity,,,,,
875,60.0,Put,0.08,0.1,2018-01-19,AAPL US 01/19/18 P60 Equity,,,,,
876,65.0,Put,0.13,0.15,2018-01-19,AAPL US 01/19/18 P65 Equity,,,,,
877,70.0,Put,0.2,0.22,2018-01-19,AAPL US 01/19/18 P70 Equity,,,,,
878,75.0,Put,0.28,0.31,2018-01-19,AAPL US 01/19/18 P75 Equity,,,,,
879,80.0,Put,0.4,0.42,2018-01-19,AAPL US 01/19/18 P80 Equity,,,,,
880,82.5,Put,0.47,0.5,2018-01-19,AAPL US 01/19/18 P82.5 Equity,,,,,
881,85.0,Put,0.56,0.58,2018-01-19,AAPL US 01/19/18 P85 Equity,,,,,
882,87.5,Put,0.66,0.68,2018-01-19,AAPL US 01/19/18 P87.5 Equity,,,,,
883,90.0,Put,0.77,0.8,2018-01-19,AAPL US 01/19/18 P90 Equity,,,,,
884,92.5,Put,0.91,0.94,2018-01-19,AAPL US 01/19/18 P92.5 Equity,,,,,
885,95.0,Put,1.07,1.1,2018-01-19,AAPL US 01/19/18 P95 Equity,,,,,
886,97.5,Put,1.25,1.29,2018-01-19,AAPL US 01/19/18 P97.5 Equity,,,,,
887,100.0,Put,1.47,1.5,2018-01-19,AAPL US 01/19/18 P100 Equity,,,,,
888,105.0,Put,2.0,2.04,2018-01-19,AAPL US 01/19/18 P105 Equity,,,,,
889,110.0,Put,2.7,2.74,2018-01-19,AAPL US 01/19/18 P110 Equity,,,,,
890,115.0,Put,3.55,3.65,2018-01-19,AAPL US 01/19/18 P115 Equity,,,,,
891,120.0,Put,4.7,4.8,2018-01-19,AAPL US 01/19/18 P120 Equity,,,,,
892,125.0,Put,6.1,6.2,2018-01-19,AAPL US 01/19/18 P125 Equity,,,,,
893,130.0,Put,7.8,7.95,2018-01-19,AAPL US 01/19/18 P130 Equity,,,,,
894,135.0,Put,9.85,10.0,2018-01-19,AAPL US 01/19/18 P135 Equity,,,,,
895,140.0,Put,12.2,12.3,2018-01-19,AAPL US 01/19/18 P140 Equity,,,,,
896,145.0,Put,14.9,15.05,2018-01-19,AAPL US 01/19/18 P145 Equity,,,,,
897,150.0,Put,17.9,18.05,2018-01-19,AAPL US 01/19/18 P150 Equity,,,,,
898,155.0,Put,21.2,21.35,2018-01-19,AAPL US 01/19/18 P155 Equity,,,,,
899,160.0,Put,24.8,25.0,2018-01-19,AAPL US 01/19/18 P160 Equity,,,,,
900,165.0,Put,28.7,29.05,2018-01-19,AAPL US 01/19/18 P165 Equity,,,,,
901,170.0,Put,32.75,33.25,2018-01-19,AAPL US 01/19/18 P170 Equity,,,,,
902,175.0,Put,36.95,37.65,2018-01-19,AAPL US 01/19/18 P175 Equity,,,,,
903,180.0,Put,41.4,42.15,2018-01-19,AAPL US 01/19/18 P180 Equity,,,,,
904,185.0,Put,45.9,46.8,2018-01-19,AAPL US 01/19/18 P185 Equity,,,,,
905,190.0,Put,50.1,53.3,2018-01-19,AAPL US 01/19/18 P190 Equity,,,,,
906,195.0,Put,54.7,58.0,2018-01-19,AAPL US 01/19/18 P195 Equity,,,,,
907,200.0,Put,59.45,62.8,2018-01-19,AAPL US 01/19/18 P200 Equity,,,,,
908,70.0,Call,69.15,70.7,2018-06-15,AAPL US 06/15/18 C70 Equity,,,,,
909,75.0,Call,64.25,65.8,2018-06-15,AAPL US 06/15/18 C75 Equity,,,,,
910,80.0,Call,59.45,60.95,2018-06-15,AAPL US 06/15/18 C80 Equity,,,,,
911,85.0,Call,54.75,56.2,2018-06-15,AAPL US 06/15/18 C85 Equity,,,,,
912,90.0,Call,50.45,51.5,2018-06-15,AAPL US 06/15/18 C90 Equity,,,,,
913,95.0,Call,45.8,47.05,2018-06-15,AAPL US 06/15/18 C95 Equity,,,,,
914,100.0,Call,41.55,42.65,2018-06-15,AAPL US 06/15/18 C100 Equity,,,,,
915,105.0,Call,37.45,38.4,2018-06-15,AAPL US 06/15/18 C105 Equity,,,,,
916,110.0,Call,33.55,34.2,2018-06-15,AAPL US 06/15/18 C110 Equity,,,,,
917,115.0,Call,29.75,30.45,2018-06-15,AAPL US 06/15/18 C115 Equity,,,,,
918,120.0,Call,26.4,26.75,2018-06-15,AAPL US 06/15/18 C120 Equity,,,,,
919,125.0,Call,23.05,23.5,2018-06-15,AAPL US 06/15/18 C125 Equity,,,,,
920,130.0,Call,20.15,20.45,2018-06-15,AAPL US 06/15/18 C130 Equity,,,,,
921,135.0,Call,17.4,17.55,2018-06-15,AAPL US 06/15/18 C135 Equity,,,,,
922,140.0,Call,14.8,15.0,2018-06-15,AAPL US 06/15/18 C140 Equity,,,,,
923,145.0,Call,12.6,12.75,2018-06-15,AAPL US 06/15/18 C145 Equity,,,,,
924,150.0,Call,10.55,10.7,2018-06-15,AAPL US 06/15/18 C150 Equity,,,,,
925,155.0,Call,8.75,8.9,2018-06-15,AAPL US 06/15/18 C155 Equity,,,,,
926,160.0,Call,7.2,7.35,2018-06-15,AAPL US 06/15/18 C160 Equity,,,,,
927,165.0,Call,5.9,6.05,2018-06-15,AAPL US 06/15/18 C165 Equity,,,,,
928,170.0,Call,4.8,4.95,2018-06-15,AAPL US 06/15/18 C170 Equity,,,,,
929,175.0,Call,3.9,4.0,2018-06-15,AAPL US 06/15/18 C175 Equity,,,,,
930,180.0,Call,3.15,3.25,2018-06-15,AAPL US 06/15/18 C180 Equity,,,,,
931,185.0,Call,2.54,2.61,2018-06-15,AAPL US 06/15/18 C185 Equity,,,,,
932,190.0,Call,2.03,2.11,2018-06-15,AAPL US 06/15/18 C190 Equity,,,,,
933,195.0,Call,1.63,1.7,2018-06-15,AAPL US 06/15/18 C195 Equity,,,,,
934,200.0,Call,1.31,1.39,2018-06-15,AAPL US 06/15/18 C200 Equity,,,,,
935,70.0,Put,0.46,0.51,2018-06-15,AAPL US 06/15/18 P70 Equity,,,,,
936,75.0,Put,0.67,0.73,2018-06-15,AAPL US 06/15/18 P75 Equity,,,,,
937,80.0,Put,0.92,1.0,2018-06-15,AAPL US 06/15/18 P80 Equity,,,,,
938,85.0,Put,1.29,1.34,2018-06-15,AAPL US 06/15/18 P85 Equity,,,,,
939,90.0,Put,1.72,1.8,2018-06-15,AAPL US 06/15/18 P90 Equity,,,,,
940,95.0,Put,2.25,2.34,2018-06-15,AAPL US 06/15/18 P95 Equity,,,,,
941,100.0,Put,2.92,3.0,2018-06-15,AAPL US 06/15/18 P100 Equity,,,,,
942,105.0,Put,3.7,3.85,2018-06-15,AAPL US 06/15/18 P105 Equity,,,,,
943,110.0,Put,4.7,4.8,2018-06-15,AAPL US 06/15/18 P110 Equity,,,,,
944,115.0,Put,5.85,5.95,2018-06-15,AAPL US 06/15/18 P115 Equity,,,,,
945,120.0,Put,7.25,7.4,2018-06-15,AAPL US 06/15/18 P120 Equity,,,,,
946,125.0,Put,8.85,9.0,2018-06-15,AAPL US 06/15/18 P125 Equity,,,,,
947,130.0,Put,10.75,10.9,2018-06-15,AAPL US 06/15/18 P130 Equity,,,,,
948,135.0,Put,12.9,13.05,2018-06-15,AAPL US 06/15/18 P135 Equity,,,,,
949,140.0,Put,15.3,15.4,2018-06-15,AAPL US 06/15/18 P140 Equity,,,,,
950,145.0,Put,17.95,18.15,2018-06-15,AAPL US 06/15/18 P145 Equity,,,,,
951,150.0,Put,20.9,21.05,2018-06-15,AAPL US 06/15/18 P150 Equity,,,,,
952,155.0,Put,24.0,24.3,2018-06-15,AAPL US 06/15/18 P155 Equity,,,,,
953,160.0,Put,27.4,27.75,2018-06-15,AAPL US 06/15/18 P160 Equity,,,,,
954,165.0,Put,31.0,31.45,2018-06-15,AAPL US 06/15/18 P165 Equity,,,,,
955,170.0,Put,34.85,35.35,2018-06-15,AAPL US 06/15/18 P170 Equity,,,,,
956,175.0,Put,38.8,39.45,2018-06-15,AAPL US 06/15/18 P175 Equity,,,,,
957,180.0,Put,43.05,43.7,2018-06-15,AAPL US 06/15/18 P180 Equity,,,,,
958,185.0,Put,47.2,48.2,2018-06-15,AAPL US 06/15/18 P185 Equity,,,,,
959,190.0,Put,51.65,52.65,2018-06-15,AAPL US 06/15/18 P190 Equity,,,,,
960,195.0,Put,56.05,57.35,2018-06-15,AAPL US 06/15/18 P195 Equity,,,,,
961,200.0,Put,59.3,63.75,2018-06-15,AAPL US 06/15/18 P200 Equity,,,,,
962,42.5,Call,95.0,99.4,2019-01-18,AAPL US 01/18/19 C42.5 Equity,,,,,
963,47.5,Call,90.1,94.4,2019-01-18,AAPL US 01/18/19 C47.5 Equity,,,,,
964,55.0,Call,82.65,87.0,2019-01-18,AAPL US 01/18/19 C55 Equity,,,,,
965,60.0,Call,79.55,80.2,2019-01-18,AAPL US 01/18/19 C60 Equity,,,,,
966,65.0,Call,72.65,77.0,2019-01-18,AAPL US 01/18/19 C65 Equity,,,,,
967,70.0,Call,68.1,72.25,2019-01-18,AAPL US 01/18/19 C70 Equity,,,,,
968,75.0,Call,64.3,67.25,2019-01-18,AAPL US 01/18/19 C75 Equity,,,,,
969,80.0,Call,59.75,60.8,2019-01-18,AAPL US 01/18/19 C80 Equity,,,,,
970,85.0,Call,54.2,58.25,2019-01-18,AAPL US 01/18/19 C85 Equity,,,,,
971,90.0,Call,51.1,52.5,2019-01-18,AAPL US 01/18/19 C90 Equity,,,,,
972,95.0,Call,46.3,48.0,2019-01-18,AAPL US 01/18/19 C95 Equity,,,,,
973,97.5,Call,44.0,47.7,2019-01-18,AAPL US 01/18/19 C97.5 Equity,,,,,
974,100.0,Call,42.7,44.5,2019-01-18,AAPL US 01/18/19 C100 Equity,,,,,
975,105.0,Call,39.1,40.45,2019-01-18,AAPL US 01/18/19 C105 Equity,,,,,
976,110.0,Call,35.8,37.3,2019-01-18,AAPL US 01/18/19 C110 Equity,,,,,
977,115.0,Call,32.15,33.6,2019-01-18,AAPL US 01/18/19 C115 Equity,,,,,
978,120.0,Call,29.25,30.0,2019-01-18,AAPL US 01/18/19 C120 Equity,,,,,
979,125.0,Call,26.15,26.85,2019-01-18,AAPL US 01/18/19 C125 Equity,,,,,
980,130.0,Call,23.4,24.0,2019-01-18,AAPL US 01/18/19 C130 Equity,,,,,
981,135.0,Call,20.65,21.6,2019-01-18,AAPL US 01/18/19 C135 Equity,,,,,
982,140.0,Call,18.45,19.1,2019-01-18,AAPL US 01/18/19 C140 Equity,,,,,
983,145.0,Call,16.2,16.35,2019-01-18,AAPL US 01/18/19 C145 Equity,,,,,
984,150.0,Call,14.1,14.6,2019-01-18,AAPL US 01/18/19 C150 Equity,,,,,
985,155.0,Call,12.25,13.1,2019-01-18,AAPL US 01/18/19 C155 Equity,,,,,
986,160.0,Call,10.55,11.0,2019-01-18,AAPL US 01/18/19 C160 Equity,,,,,
987,165.0,Call,8.9,9.8,2019-01-18,AAPL US 01/18/19 C165 Equity,,,,,
988,170.0,Call,7.65,8.55,2019-01-18,AAPL US 01/18/19 C170 Equity,,,,,
989,175.0,Call,6.65,7.35,2019-01-18,AAPL US 01/18/19 C175 Equity,,,,,
990,180.0,Call,5.6,6.05,2019-01-18,AAPL US 01/18/19 C180 Equity,,,,,
991,185.0,Call,4.8,5.2,2019-01-18,AAPL US 01/18/19 C185 Equity,,,,,
992,190.0,Call,3.85,4.75,2019-01-18,AAPL US 01/18/19 C190 Equity,,,,,
993,195.0,Call,3.2,4.1,2019-01-18,AAPL US 01/18/19 C195 Equity,,,,,
994,200.0,Call,2.72,3.15,2019-01-18,AAPL US 01/18/19 C200 Equity,,,,,
995,42.5,Put,0.15,0.25,2019-01-18,AAPL US 01/18/19 P42.5 Equity,,,,,
996,47.5,Put,0.2,0.45,2019-01-18,AAPL US 01/18/19 P47.5 Equity,,,,,
997,55.0,Put,0.4,0.6,2019-01-18,AAPL US 01/18/19 P55 Equity,,,,,
998,60.0,Put,0.5,0.85,2019-01-18,AAPL US 01/18/19 P60 Equity,,,,,
999,65.0,Put,0.79,1.09,2019-01-18,AAPL US 01/18/19 P65 Equity,,,,,
1000,70.0,Put,1.0,1.2,2019-01-18,AAPL US 01/18/19 P70 Equity,,,,,
1001,75.0,Put,1.49,1.65,2019-01-18,AAPL US 01/18/19 P75 Equity,,,,,
1002,80.0,Put,1.88,2.28,2019-01-18,AAPL US 01/18/19 P80 Equity,,,,,
1003,85.0,Put,2.31,2.65,2019-01-18,AAPL US 01/18/19 P85 Equity,,,,,
1004,90.0,Put,2.96,3.4,2019-01-18,AAPL US 01/18/19 P90 Equity,,,,,
1005,95.0,Put,3.8,4.15,2019-01-18,AAPL US 01/18/19 P95 Equity,,,,,
1006,97.5,Put,4.25,4.85,2019-01-18,AAPL US 01/18/19 P97.5 Equity,,,,,
1007,100.0,Put,4.8,5.05,2019-01-18,AAPL US 01/18/19 P100 Equity,,,,,
1008,105.0,Put,5.85,6.1,2019-01-18,AAPL US 01/18/19 P105 Equity,,,,,
1009,110.0,Put,7.25,7.4,2019-01-18,AAPL US 01/18/19 P110 Equity,,,,,
1010,115.0,Put,8.5,8.9,2019-01-18,AAPL US 01/18/19 P115 Equity,,,,,
1011,120.0,Put,10.1,10.75,2019-01-18,AAPL US 01/18/19 P120 Equity,,,,,
1012,125.0,Put,11.95,12.55,2019-01-18,AAPL US 01/18/19 P125 Equity,,,,,
1013,130.0,Put,14.0,14.7,2019-01-18,AAPL US 01/18/19 P130 Equity,,,,,
1014,135.0,Put,16.1,16.55,2019-01-18,AAPL US 01/18/19 P135 Equity,,,,,
1015,140.0,Put,18.45,19.0,2019-01-18,AAPL US 01/18/19 P140 Equity,,,,,
1016,145.0,Put,21.1,22.0,2019-01-18,AAPL US 01/18/19 P145 Equity,,,,,
1017,150.0,Put,24.0,25.3,2019-01-18,AAPL US 01/18/19 P150 Equity,,,,,
1018,155.0,Put,27.05,28.35,2019-01-18,AAPL US 01/18/19 P155 Equity,,,,,
1019,160.0,Put,30.35,31.75,2019-01-18,AAPL US 01/18/19 P160 Equity,,,,,
1020,165.0,Put,33.6,35.05,2019-01-18,AAPL US 01/18/19 P165 Equity,,,,,
1021,170.0,Put,37.2,38.45,2019-01-18,AAPL US 01/18/19 P170 Equity,,,,,
1022,175.0,Put,40.75,42.85,2019-01-18,AAPL US 01/18/19 P175 Equity,,,,,
1023,180.0,Put,44.75,46.85,2019-01-18,AAPL US 01/18/19 P180 Equity,,,,,
1024,185.0,Put,47.85,51.0,2019-01-18,AAPL US 01/18/19 P185 Equity,,,,,
1025,190.0,Put,52.1,55.35,2019-01-18,AAPL US 01/18/19 P190 Equity,,,,,
1026,195.0,Put,56.4,59.65,2019-01-18,AAPL US 01/18/19 P195 Equity,,,,,
